submission_id,problem_id,user_id,date,language,original_language,filename_ext,status,cpu_time,memory,code_size,accuracy
s590429587,p03735,u636561520,1601010660,C++,C++ (GCC 9.2.1),cpp,Accepted,56.0,6904.0,1630,
s344307767,p03735,u602509796,1600923444,C++,C++ (GCC 9.2.1),cpp,Accepted,81.0,11884.0,1711,
s155186383,p03735,u832748306,1600803810,C++,C++ (GCC 9.2.1),cpp,Accepted,100.0,7112.0,1867,
s505832768,p03735,u832748306,1600803350,C++,C++ (GCC 9.2.1),cpp,Accepted,107.0,7148.0,1867,
s650783199,p03735,u832748306,1600803242,C++,C++ (GCC 9.2.1),cpp,Accepted,104.0,7116.0,2219,
s362525377,p03735,u045643130,1600782160,C++,C++ (GCC 9.2.1),cpp,Accepted,258.0,22092.0,1417,
s890037874,p03735,u324669236,1600530690,C++,C++ (GCC 9.2.1),cpp,Accepted,505.0,24084.0,1596,
s049033152,p03735,u678295385,1600464530,C++,C++ (GCC 9.2.1),cpp,Accepted,42.0,5332.0,1268,
s721673770,p03735,u845287944,1600444332,C++,C++ (Clang 10.0.0),cpp,Accepted,51.0,4756.0,1843,
s073652634,p03735,u011129112,1599927962,C++,C++ (GCC 9.2.1),cpp,Accepted,1023.0,134100.0,1547,
s676739036,p03735,u542196092,1599893580,C++,C++ (GCC 9.2.1),cpp,Accepted,281.0,17208.0,1024,
s831983999,p03735,u779216084,1599722486,C++,C++ (GCC 9.2.1),cpp,Accepted,160.0,12888.0,1345,
s118385695,p03735,u673211643,1599002088,C++,C++ (GCC 9.2.1),cpp,Accepted,136.0,14284.0,1130,
s414324327,p03735,u828358607,1598762718,C++,C++ (GCC 9.2.1),cpp,Accepted,579.0,25552.0,1046,
s423528569,p03735,u242679311,1598048338,C++,C++ (GCC 9.2.1),cpp,Accepted,136.0,6392.0,2264,
s604451937,p03735,u450922311,1597806268,C++,C++ (GCC 9.2.1),cpp,Accepted,77.0,6360.0,11534,
s192575001,p03735,u101018317,1597715488,C++,C++ (GCC 9.2.1),cpp,Accepted,134.0,6424.0,781,
s378627377,p03735,u923270446,1597018282,Python,Python (3.8.2),py,Accepted,1100.0,43044.0,526,
s494869242,p03735,u269963329,1596340176,C++,C++ (GCC 9.2.1),cpp,Accepted,145.0,6400.0,1310,
s556677453,p03735,u490642448,1596265762,Python,PyPy3 (7.3.0),py,Accepted,1183.0,219344.0,1815,
s262507926,p03735,u247904511,1596054734,C++,C++ (GCC 9.2.1),cpp,Accepted,83.0,12972.0,2198,
s967576129,p03735,u842028864,1595906312,C++,C++ (GCC 9.2.1),cpp,Accepted,138.0,9596.0,1243,
s642241470,p03735,u576150954,1595864470,C++,C++ (GCC 9.2.1),cpp,Accepted,526.0,23980.0,883,
s723561278,p03735,u576150954,1595864351,C++,C++ (GCC 9.2.1),cpp,Accepted,464.0,23972.0,881,
s981232248,p03735,u576150954,1595860740,C++,C++ (GCC 9.2.1),cpp,Accepted,220.0,25544.0,2367,
s561646090,p03735,u180716041,1595712525,C++,C++ (GCC 9.2.1),cpp,Accepted,324.0,18908.0,1704,
s127022251,p03735,u416767802,1595535761,C++,C++ (GCC 9.2.1),cpp,Accepted,98.0,14732.0,1224,
s332112356,p03735,u609414161,1595431227,C++,C++ (GCC 9.2.1),cpp,Accepted,487.0,23864.0,1371,
s466179290,p03735,u952291450,1595371743,C++,C++ (GCC 9.2.1),cpp,Accepted,108.0,10816.0,993,
s552879454,p03735,u945097761,1595339313,C++,C++ (GCC 9.2.1),cpp,Accepted,140.0,9556.0,2127,
s854138633,p03735,u118797367,1595302501,C++,C++ (GCC 9.2.1),cpp,Accepted,126.0,6400.0,1108,
s556557386,p03735,u201399534,1594731697,C++,C++ (Clang 10.0.0),cpp,Accepted,551.0,23540.0,623,
s651575282,p03735,u875291233,1594199261,Python,PyPy3 (7.3.0),py,Accepted,626.0,127012.0,932,
s382203919,p03735,u656026255,1593949017,C++,C++ (GCC 9.2.1),cpp,Accepted,64.0,5128.0,759,
s282218131,p03735,u322084037,1593724227,C++,C++ (GCC 9.2.1),cpp,Accepted,134.0,9672.0,1943,
s190461232,p03735,u277153875,1593555802,C++,C++ (GCC 9.2.1),cpp,Accepted,601.0,23876.0,1519,
s298142521,p03735,u374416262,1593364266,C++,C++ (Clang 10.0.0),cpp,Accepted,305.0,5536.0,823,
s318668912,p03735,u832039789,1593283487,C++,C++ (GCC 9.2.1),cpp,Accepted,318.0,14076.0,1624,
s649499443,p03735,u701929021,1593071367,C++,C++ (GCC 9.2.1),cpp,Accepted,532.0,28276.0,4104,
s022387475,p03735,u548834738,1592515580,C++,C++ (GCC 9.2.1),cpp,Accepted,252.0,18864.0,2066,
s799481309,p03735,u104057163,1592418904,C++,C++14 (GCC 5.4.1),cpp,Accepted,61.0,1792.0,4183,
s247168423,p03735,u022510342,1592068254,C++,C++14 (GCC 5.4.1),cpp,Accepted,675.0,23020.0,812,
s035193806,p03735,u842939260,1591954286,C++,C++14 (GCC 5.4.1),cpp,Accepted,63.0,4224.0,1917,
s750777255,p03735,u041733737,1591857156,C++,C++14 (GCC 5.4.1),cpp,Accepted,181.0,17264.0,4177,
s678385899,p03735,u941977569,1591854204,C++,C++14 (GCC 5.4.1),cpp,Accepted,211.0,16108.0,1575,
s548923051,p03735,u353919145,1591848881,C++,C++14 (GCC 5.4.1),cpp,Accepted,120.0,12800.0,1354,
s881085304,p03735,u347057617,1591567074,C++,C++14 (GCC 5.4.1),cpp,Accepted,601.0,30464.0,4489,
s124059164,p03735,u418541852,1591265402,C++,C++14 (GCC 5.4.1),cpp,Accepted,657.0,28416.0,2675,
s396668147,p03735,u754022296,1591237548,Python,PyPy3 (2.4.0),py,Accepted,1204.0,121720.0,1005,
s069914245,p03735,u754022296,1591237410,Python,Python (3.4.3),py,Accepted,1446.0,50520.0,1005,
s525946720,p03735,u976833038,1591150800,C++,C++14 (GCC 5.4.1),cpp,Accepted,187.0,10056.0,1128,
s371137357,p03735,u976833038,1591150722,C++,C++14 (GCC 5.4.1),cpp,Accepted,1016.0,12104.0,1219,
s365304285,p03735,u084411645,1591141449,C++,C++14 (GCC 5.4.1),cpp,Accepted,234.0,15084.0,1083,
s005112410,p03735,u100858029,1590635081,C++,C++14 (Clang 3.8.0),cpp,Accepted,1035.0,28416.0,881,
s274906690,p03735,u434208140,1590615108,C++,C++14 (GCC 5.4.1),cpp,Accepted,133.0,11264.0,1335,
s062754920,p03735,u488401358,1590431295,Python,PyPy3 (2.4.0),py,Accepted,1826.0,129168.0,2883,
s406547369,p03735,u193815565,1590157761,C++,C++14 (GCC 5.4.1),cpp,Accepted,315.0,39404.0,2989,
s144531111,p03735,u293523151,1590134927,C++,C++14 (Clang 3.8.0),cpp,Accepted,631.0,13952.0,1610,
s531293415,p03735,u897010730,1589937130,C++,C++14 (GCC 5.4.1),cpp,Accepted,324.0,14320.0,1353,
s957402037,p03735,u006686215,1589459664,C++,C++ (GCC 9.2.1),cpp,Accepted,143.0,10596.0,2554,
s233450356,p03735,u508192873,1589410733,C++,C++14 (GCC 5.4.1),cpp,Accepted,62.0,6512.0,1086,
s681761687,p03735,u179970156,1588732997,C++,C++14 (GCC 5.4.1),cpp,Accepted,79.0,10604.0,2636,
s671998782,p03735,u774417629,1588681960,C++,C++14 (GCC 5.4.1),cpp,Accepted,231.0,13696.0,1717,
s802230289,p03735,u774417629,1588681662,C++,C++14 (GCC 5.4.1),cpp,Accepted,249.0,13820.0,1448,
s488811704,p03735,u096100827,1588589850,C++,C++14 (GCC 5.4.1),cpp,Accepted,836.0,60524.0,3360,
s659284806,p03735,u742529680,1588439562,C++,C++14 (GCC 5.4.1),cpp,Accepted,394.0,11264.0,2163,
s755622754,p03735,u192903163,1588373246,C++,C++14 (GCC 5.4.1),cpp,Accepted,61.0,1792.0,665,
s345186134,p03735,u209713918,1588215985,C++,C++14 (GCC 5.4.1),cpp,Accepted,67.0,6512.0,2310,
s131193410,p03735,u021034020,1588206804,C++,C++14 (GCC 5.4.1),cpp,Accepted,285.0,15872.0,7533,
s782207089,p03735,u702496216,1587880779,C++,C++14 (GCC 5.4.1),cpp,Accepted,231.0,1792.0,1377,
s760313122,p03735,u548163222,1587764116,C++,C++14 (GCC 5.4.1),cpp,Accepted,761.0,25216.0,1873,
s858907062,p03735,u874644572,1587646541,C++,C++14 (GCC 5.4.1),cpp,Accepted,86.0,13676.0,9443,
s186919867,p03735,u319282133,1587595907,C++,C++14 (GCC 5.4.1),cpp,Accepted,157.0,16876.0,1507,
s572604065,p03735,u879436400,1587223746,C++,C++14 (GCC 5.4.1),cpp,Accepted,185.0,6528.0,1267,
s668247911,p03735,u593419451,1587171277,C++,C++14 (GCC 5.4.1),cpp,Accepted,212.0,9584.0,2974,
s309355599,p03735,u741945117,1587026630,C++,C++14 (GCC 5.4.1),cpp,Accepted,89.0,7536.0,2494,
s003189986,p03735,u741945117,1587026487,C++,C++14 (GCC 5.4.1),cpp,Accepted,89.0,7408.0,2494,
s243378648,p03735,u004411048,1586724965,C++,C++14 (GCC 5.4.1),cpp,Accepted,204.0,11384.0,3263,
s408116916,p03735,u077536797,1586655372,C++,C++14 (GCC 5.4.1),cpp,Accepted,186.0,10732.0,1516,
s982728875,p03735,u017810624,1586587291,Python,PyPy3 (2.4.0),py,Accepted,1452.0,139668.0,1024,
s611810227,p03735,u017810624,1586587120,Python,PyPy3 (2.4.0),py,Accepted,1548.0,140904.0,1028,
s987290273,p03735,u905582793,1586369786,Python,PyPy3 (2.4.0),py,Accepted,700.0,109336.0,1202,
s761322791,p03735,u654404185,1586266091,C++,C++14 (GCC 5.4.1),cpp,Accepted,95.0,9836.0,922,
s135558525,p03735,u604231488,1586226701,C++,C++14 (GCC 5.4.1),cpp,Accepted,45.0,3328.0,1637,
s272621017,p03735,u364788955,1585895980,C++,C++14 (GCC 5.4.1),cpp,Accepted,101.0,4848.0,2438,
s782605486,p03735,u896441219,1585630157,C++,C++14 (GCC 5.4.1),cpp,Accepted,580.0,22656.0,1572,
s396883897,p03735,u428070871,1585428923,C++,C++14 (GCC 5.4.1),cpp,Accepted,79.0,4980.0,1092,
s289869434,p03735,u219786796,1585278045,C++,C++14 (GCC 5.4.1),cpp,Accepted,312.0,12800.0,1554,
s446684075,p03735,u219786796,1585274049,C++,C++14 (GCC 5.4.1),cpp,Accepted,1451.0,31488.0,2039,
s385333738,p03735,u864197622,1585156437,Python,PyPy3 (2.4.0),py,Accepted,491.0,59992.0,711,
s070225622,p03735,u047554023,1585146592,C++,C++14 (GCC 5.4.1),cpp,Accepted,291.0,18688.0,1790,
s367305160,p03735,u964227615,1585112174,C++,C++ (GCC 5.4.1),cpp,Accepted,93.0,6016.0,1325,
s925419616,p03735,u828766688,1585109026,C++,C++14 (GCC 5.4.1),cpp,Accepted,400.0,62120.0,3236,
s178819302,p03735,u019233781,1584995785,C++,C++14 (GCC 5.4.1),cpp,Accepted,242.0,11136.0,975,
s411930989,p03735,u859396346,1584924650,C++,C++14 (GCC 5.4.1),cpp,Accepted,63.0,3968.0,2962,
s052937407,p03735,u275786410,1584753281,C++,C++14 (GCC 5.4.1),cpp,Accepted,211.0,16876.0,902,
s171395876,p03735,u034375209,1584471173,C++,C++14 (GCC 5.4.1),cpp,Accepted,204.0,11136.0,1386,
s579097823,p03735,u402883146,1584420291,C++,C++14 (GCC 5.4.1),cpp,Accepted,247.0,12800.0,881,
s895253442,p03735,u087683057,1584410810,C++,C++14 (GCC 5.4.1),cpp,Accepted,61.0,1792.0,741,
s052939096,p03735,u089870626,1584394806,C++,C++14 (GCC 5.4.1),cpp,Accepted,248.0,14876.0,840,
s591145108,p03735,u124636763,1584391433,C++,C++14 (GCC 5.4.1),cpp,Accepted,247.0,11264.0,1254,
s956403461,p03735,u506628560,1584387474,C++,C++14 (GCC 5.4.1),cpp,Accepted,256.0,11264.0,1121,
s889023340,p03735,u378605791,1584383036,C++,C++14 (GCC 5.4.1),cpp,Accepted,230.0,14080.0,1028,
s099816514,p03735,u760290068,1584381769,C++,C++14 (GCC 5.4.1),cpp,Accepted,330.0,22896.0,1629,
s844815963,p03735,u314416379,1584378979,C++,C++14 (GCC 5.4.1),cpp,Accepted,84.0,21224.0,2762,
s513124416,p03735,u466655539,1584373199,C++,C++14 (GCC 5.4.1),cpp,Accepted,247.0,11248.0,1232,
s908742670,p03735,u399542755,1584302017,C++,C++14 (GCC 5.4.1),cpp,Accepted,498.0,22656.0,3462,
s517902971,p03735,u047554023,1584286439,C++,C++14 (GCC 5.4.1),cpp,Accepted,300.0,19692.0,1614,
s903380980,p03735,u620539230,1584050853,C++,C++14 (GCC 5.4.1),cpp,Accepted,71.0,2560.0,1411,
s205261714,p03735,u440213743,1583883577,C++,C++14 (GCC 5.4.1),cpp,Accepted,410.0,17628.0,1225,
s523128271,p03735,u915913072,1583644842,C++,C++14 (GCC 5.4.1),cpp,Accepted,183.0,15872.0,1871,
s309244634,p03735,u915913072,1583642310,C++,C++14 (GCC 5.4.1),cpp,Accepted,270.0,15872.0,2242,
s987652115,p03735,u763881112,1583560397,C++,C++14 (GCC 5.4.1),cpp,Accepted,43.0,3456.0,3702,
s450273323,p03735,u720150053,1583472123,C++,C++14 (GCC 5.4.1),cpp,Accepted,172.0,19820.0,2939,
s288570035,p03735,u357974633,1583196046,C++,C++14 (GCC 5.4.1),cpp,Accepted,64.0,2560.0,856,
s058081105,p03735,u827712003,1583127083,C++,C++14 (GCC 5.4.1),cpp,Accepted,128.0,6016.0,1228,
s200748615,p03735,u561635563,1583125031,C++,C++14 (GCC 5.4.1),cpp,Accepted,86.0,6384.0,1090,
s768843961,p03735,u922461964,1583118555,C++,C++14 (GCC 5.4.1),cpp,Accepted,60.0,1920.0,634,
s703604692,p03735,u333917945,1583017310,C++,C++14 (GCC 5.4.1),cpp,Accepted,228.0,15872.0,1714,
s990954090,p03735,u399391169,1582941594,C++,C++14 (GCC 5.4.1),cpp,Accepted,606.0,22656.0,821,
s891849383,p03735,u399391169,1582926724,C++,C++14 (GCC 5.4.1),cpp,Accepted,573.0,38528.0,1746,
s493501503,p03735,u816631826,1582762482,C++,C++14 (GCC 5.4.1),cpp,Accepted,500.0,22144.0,803,
s934543353,p03735,u379822620,1581652453,C++,C++14 (GCC 5.4.1),cpp,Accepted,631.0,22144.0,2606,
s340899485,p03735,u508571192,1581595818,C++,C++14 (GCC 5.4.1),cpp,Accepted,94.0,9836.0,2197,
s130896890,p03735,u816631826,1581467905,C++,C++14 (GCC 5.4.1),cpp,Accepted,53.0,3328.0,1590,
s151129054,p03735,u089230684,1581461460,C++,C++14 (GCC 5.4.1),cpp,Accepted,56.0,1792.0,622,
s304470124,p03735,u426964396,1581461201,C++,C++14 (GCC 5.4.1),cpp,Accepted,59.0,1792.0,622,
s704014268,p03735,u863370423,1581455785,C++,C++14 (GCC 5.4.1),cpp,Accepted,505.0,11136.0,2265,
s027247128,p03735,u018679195,1581452223,C++,C++14 (GCC 5.4.1),cpp,Accepted,56.0,1792.0,1145,
s941486249,p03735,u798339690,1581281401,C++,C++14 (GCC 5.4.1),cpp,Accepted,531.0,28272.0,1440,
s607676908,p03735,u316170293,1581152751,C++,C++14 (GCC 5.4.1),cpp,Accepted,325.0,24924.0,2073,
s547208425,p03735,u316170293,1581152639,C++,C++14 (GCC 5.4.1),cpp,Accepted,324.0,24924.0,2150,
s900895901,p03735,u263933075,1581114418,C++,C++ (GCC 5.4.1),cpp,Accepted,154.0,16000.0,1994,
s948822260,p03735,u190018920,1580965204,C++,C++14 (GCC 5.4.1),cpp,Accepted,114.0,5888.0,3858,
s785893151,p03735,u839300755,1580793275,C++,C++14 (GCC 5.4.1),cpp,Accepted,262.0,22376.0,2358,
s296561165,p03735,u839300755,1580775257,C++,C++14 (GCC 5.4.1),cpp,Accepted,320.0,22504.0,2278,
s057238505,p03735,u061071198,1580588974,C++,C++14 (GCC 5.4.1),cpp,Accepted,290.0,19712.0,8787,
s447421078,p03735,u960093366,1580531255,C++,C++14 (GCC 5.4.1),cpp,Accepted,137.0,16512.0,2532,
s229975691,p03735,u680707192,1580522064,C++,C++14 (GCC 5.4.1),cpp,Accepted,385.0,12800.0,2102,
s494350356,p03735,u018679195,1580106909,C++,C++14 (GCC 5.4.1),cpp,Accepted,69.0,2560.0,903,
s675613803,p03735,u357265888,1579837450,C++,C++14 (GCC 5.4.1),cpp,Accepted,94.0,18024.0,2784,
s451563105,p03735,u373008269,1579782763,C++,C++14 (GCC 5.4.1),cpp,Accepted,64.0,4600.0,2962,
s797338441,p03735,u239239546,1579753143,C++,C++14 (GCC 5.4.1),cpp,Accepted,364.0,12800.0,1742,
s341144075,p03735,u233393801,1579744198,C++,C++14 (GCC 5.4.1),cpp,Accepted,1662.0,75264.0,1627,
s330327339,p03735,u899635344,1579740793,C++,C++14 (GCC 5.4.1),cpp,Accepted,65.0,9584.0,1970,
s430585283,p03735,u493610446,1579738820,C++,C++14 (GCC 5.4.1),cpp,Accepted,607.0,29952.0,2224,
s698367746,p03735,u687214625,1579738466,C++,C++14 (GCC 5.4.1),cpp,Accepted,746.0,54956.0,1916,
s752010706,p03735,u923894160,1579580669,C++,C++14 (GCC 5.4.1),cpp,Accepted,355.0,11136.0,1821,
s930870728,p03735,u831327144,1579489149,C++,C++ (GCC 5.4.1),cpp,Accepted,52.0,3328.0,921,
s654038489,p03735,u476418095,1579485436,C++,C++ (GCC 5.4.1),cpp,Accepted,217.0,14592.0,970,
s735408474,p03735,u816631826,1579484752,C++,C++14 (GCC 5.4.1),cpp,Accepted,94.0,4096.0,1544,
s499822825,p03735,u247366051,1579484683,C++,C++ (GCC 5.4.1),cpp,Accepted,95.0,4096.0,1544,
s751741935,p03735,u816631826,1579382187,C++,C++14 (GCC 5.4.1),cpp,Accepted,213.0,14592.0,970,
s613889912,p03735,u353797797,1579284436,Python,Python (3.4.3),py,Accepted,1126.0,66240.0,852,
s538830443,p03735,u220114950,1578782723,C++,C++14 (GCC 5.4.1),cpp,Accepted,205.0,13676.0,1989,
s945915696,p03735,u297574184,1578720786,Python,Python (3.4.3),py,Accepted,903.0,34088.0,1305,
s245936602,p03735,u676029460,1578631992,C++,C++14 (GCC 5.4.1),cpp,Accepted,263.0,15872.0,1874,
s167643251,p03735,u676029460,1578630606,C++,C++14 (GCC 5.4.1),cpp,Accepted,81.0,4096.0,722,
s102988524,p03735,u167931717,1578577221,C++,C++14 (GCC 5.4.1),cpp,Accepted,201.0,13420.0,20530,
s626420678,p03735,u681557252,1578526332,C++,C++14 (GCC 5.4.1),cpp,Accepted,200.0,7424.0,1897,
s173606641,p03735,u756088996,1578101758,C++,C++14 (GCC 5.4.1),cpp,Accepted,179.0,6384.0,1703,
s858229556,p03735,u892251744,1578095358,Python,PyPy3 (2.4.0),py,Accepted,715.0,72412.0,1382,
s683516783,p03735,u840813237,1578045001,C++,C++14 (GCC 5.4.1),cpp,Accepted,231.0,12800.0,1925,
s767750266,p03735,u840813237,1578044033,C++,C++14 (GCC 5.4.1),cpp,Accepted,44.0,3456.0,2761,
s550557066,p03735,u807998890,1577919596,C++,C++14 (GCC 5.4.1),cpp,Accepted,191.0,5220.0,2411,
s137219989,p03735,u816734014,1577750294,C++,C++ (GCC 5.4.1),cpp,Accepted,83.0,11136.0,1837,
s513733417,p03735,u139031151,1577305947,C++,C++14 (GCC 5.4.1),cpp,Accepted,703.0,23808.0,4616,
s762874013,p03735,u139031151,1577303616,C++,C++14 (GCC 5.4.1),cpp,Accepted,292.0,17380.0,5065,
s660408934,p03735,u139031151,1577299776,C++,C++14 (GCC 5.4.1),cpp,Accepted,302.0,17380.0,5857,
s615237048,p03735,u615698034,1577196044,C++,C++14 (GCC 5.4.1),cpp,Accepted,62.0,1792.0,963,
s648770406,p03735,u615698034,1577156833,C++,C++14 (GCC 5.4.1),cpp,Accepted,62.0,1792.0,963,
s215940836,p03735,u615698034,1577156822,C++,C++14 (GCC 5.4.1),cpp,Accepted,62.0,1792.0,963,
s297831153,p03735,u735075555,1577138725,C++,C++14 (GCC 5.4.1),cpp,Accepted,90.0,8048.0,1608,
s038866798,p03735,u942774736,1576872721,C++,C++14 (GCC 5.4.1),cpp,Accepted,455.0,15872.0,1552,
s770510746,p03735,u942774736,1576872400,C++,C++14 (GCC 5.4.1),cpp,Accepted,436.0,15872.0,875,
s867781788,p03735,u328029824,1576774466,C++,C++ (GCC 5.4.1),cpp,Accepted,62.0,1792.0,716,
s279875505,p03735,u461908112,1576773544,C++,C++14 (GCC 5.4.1),cpp,Accepted,51.0,4096.0,2105,
s326687236,p03735,u310678820,1576639524,Python,PyPy3 (2.4.0),py,Accepted,1666.0,67928.0,750,
s479983029,p03735,u547532427,1576638799,C++,C++ (GCC 5.4.1),cpp,Accepted,53.0,1792.0,1163,
s830272496,p03735,u726604439,1576581864,C++,C++14 (GCC 5.4.1),cpp,Accepted,198.0,4992.0,1079,
s970167552,p03735,u169018444,1576530640,C++,C++ (GCC 5.4.1),cpp,Accepted,58.0,4992.0,1706,
s457923744,p03735,u169018444,1576530606,C++,C++14 (GCC 5.4.1),cpp,Accepted,58.0,4992.0,1706,
s950266620,p03735,u711117514,1576296201,C++,C++14 (GCC 5.4.1),cpp,Accepted,65.0,1792.0,2072,
s494962803,p03735,u711117514,1576295902,C++,C++14 (GCC 5.4.1),cpp,Accepted,66.0,1792.0,1543,
s042766344,p03735,u957513998,1576292316,C++,C++14 (GCC 5.4.1),cpp,Accepted,76.0,2936.0,2519,
s972219838,p03735,u394891853,1576190320,C++,C++14 (GCC 5.4.1),cpp,Accepted,200.0,15600.0,1378,
s749032670,p03735,u521364030,1576189210,C++,C++14 (GCC 5.4.1),cpp,Accepted,162.0,16768.0,957,
s234077718,p03735,u071613271,1576119535,C++,C++14 (GCC 5.4.1),cpp,Accepted,68.0,8064.0,1937,
s069410668,p03735,u768967683,1576102569,C++,C++14 (GCC 5.4.1),cpp,Accepted,74.0,9088.0,1402,
s378403249,p03735,u962264371,1576049795,C++,C++14 (GCC 5.4.1),cpp,Accepted,61.0,6528.0,1068,
s956378393,p03735,u263933075,1575773940,C++,C++ (GCC 5.4.1),cpp,Accepted,59.0,6528.0,1522,
s361734082,p03735,u247366051,1575773735,C++,C++14 (GCC 5.4.1),cpp,Accepted,278.0,12032.0,1141,
s745452337,p03735,u944802555,1575766666,C++,C++14 (GCC 5.4.1),cpp,Accepted,288.0,13952.0,1141,
s556070072,p03735,u771276542,1575765441,C++,C++14 (GCC 5.4.1),cpp,Accepted,375.0,23980.0,1888,
s264221544,p03735,u846041485,1575764610,C++,C++14 (GCC 5.4.1),cpp,Accepted,92.0,22144.0,5372,
s728066036,p03735,u930841425,1575759470,C++,C++14 (GCC 5.4.1),cpp,Accepted,516.0,28416.0,995,
s082719187,p03735,u096883693,1575520701,C++,C++14 (GCC 5.4.1),cpp,Accepted,12.0,3456.0,2173,
s102360524,p03735,u096883693,1575520124,C++,C++14 (GCC 5.4.1),cpp,Accepted,12.0,3456.0,2273,
s929341151,p03735,u096883693,1575519577,C++,C++14 (GCC 5.4.1),cpp,Accepted,11.0,3456.0,2197,
s267537181,p03735,u421672487,1575513557,C++,C++14 (GCC 5.4.1),cpp,Accepted,305.0,1792.0,1348,
s163180443,p03735,u365730500,1575446200,C++,C++14 (GCC 5.4.1),cpp,Accepted,70.0,4096.0,3091,
s914045275,p03735,u275786410,1574745711,C++,C++14 (GCC 5.4.1),cpp,Accepted,168.0,3328.0,2390,
s784291890,p03735,u491153752,1574413935,C++,C++14 (GCC 5.4.1),cpp,Accepted,577.0,22144.0,2444,
s658095409,p03735,u353919145,1574401846,C++,C++14 (GCC 5.4.1),cpp,Accepted,63.0,6528.0,4333,
s986321810,p03735,u999276672,1574401783,C++,C++14 (GCC 5.4.1),cpp,Accepted,63.0,6528.0,4333,
s955447927,p03735,u004342119,1574305643,C++,C++14 (GCC 5.4.1),cpp,Accepted,273.0,21872.0,1273,
s358859586,p03735,u694926898,1574245322,C++,C++14 (GCC 5.4.1),cpp,Accepted,86.0,7920.0,1459,
s043120116,p03735,u570944601,1574198550,C++,C++14 (GCC 5.4.1),cpp,Accepted,63.0,6784.0,1084,
s689120924,p03735,u409373192,1574098290,C++,C++14 (GCC 5.4.1),cpp,Accepted,62.0,3328.0,940,
s563097323,p03735,u487618988,1574034034,C++,C++14 (GCC 5.4.1),cpp,Accepted,592.0,24192.0,885,
s548527813,p03735,u111121874,1574020292,C++,C++14 (GCC 5.4.1),cpp,Accepted,251.0,12800.0,3042,
s497533297,p03735,u246482452,1573974207,C++,C++14 (GCC 5.4.1),cpp,Accepted,60.0,1792.0,1334,
s690158932,p03735,u314396879,1573616370,C++,C++14 (GCC 5.4.1),cpp,Accepted,183.0,6528.0,851,
s472052521,p03735,u799165954,1573527477,C++,C++14 (GCC 5.4.1),cpp,Accepted,447.0,21316.0,3879,
s673274864,p03735,u799165954,1573527416,C++,C++14 (GCC 5.4.1),cpp,Accepted,378.0,20416.0,3211,
s730787608,p03735,u247366051,1573510293,C++,C++ (GCC 5.4.1),cpp,Accepted,65.0,9600.0,896,
s307575558,p03735,u425850003,1572889414,C++,C++14 (GCC 5.4.1),cpp,Accepted,61.0,3456.0,1528,
s356833418,p03735,u781095600,1572455462,C++,C++14 (GCC 5.4.1),cpp,Accepted,232.0,11136.0,781,
s034593469,p03735,u781095600,1572455390,C++,C++14 (GCC 5.4.1),cpp,Accepted,375.0,11136.0,758,
s458504901,p03735,u425850003,1572108941,C++,C++14 (GCC 5.4.1),cpp,Accepted,60.0,3328.0,1608,
s870926000,p03735,u844961982,1571886643,C++,C++14 (GCC 5.4.1),cpp,Accepted,271.0,14320.0,2058,
s589933349,p03735,u407614884,1571861754,C++,C++14 (GCC 5.4.1),cpp,Accepted,744.0,33536.0,1136,
s186988544,p03735,u424042320,1571627389,C++,C++14 (GCC 5.4.1),cpp,Accepted,698.0,28416.0,764,
s748505364,p03735,u295617748,1571615697,C++,C++14 (GCC 5.4.1),cpp,Accepted,335.0,41728.0,3346,
s398865096,p03735,u368329754,1571508046,C++,C++14 (GCC 5.4.1),cpp,Accepted,529.0,20608.0,1171,
s779858816,p03735,u632353278,1571454914,C++,C++14 (GCC 5.4.1),cpp,Accepted,413.0,39296.0,4049,
s833568677,p03735,u247366051,1571005497,C++,C++ (GCC 5.4.1),cpp,Accepted,1784.0,4992.0,1389,
s861818278,p03735,u637938292,1570848244,C++,C++14 (GCC 5.4.1),cpp,Accepted,857.0,31616.0,628,
s590324474,p03735,u419307948,1570737914,C++,C++14 (GCC 5.4.1),cpp,Accepted,705.0,41180.0,1210,
s969623411,p03735,u633284019,1570588752,C++,C++14 (GCC 5.4.1),cpp,Accepted,814.0,28416.0,3093,
s323440385,p03735,u633284019,1570587876,C++,C++14 (GCC 5.4.1),cpp,Accepted,810.0,28416.0,3338,
s993881942,p03735,u307717225,1570072248,C++,C++14 (GCC 5.4.1),cpp,Accepted,231.0,18432.0,3776,
s397687586,p03735,u816587940,1570064986,C++,C++14 (Clang 3.8.0),cpp,Accepted,554.0,23680.0,1493,
s370354227,p03735,u920299620,1569987571,C++,C++14 (GCC 5.4.1),cpp,Accepted,197.0,3328.0,2149,
s554100127,p03735,u031986221,1569640899,C++,C++14 (GCC 5.4.1),cpp,Accepted,56.0,1792.0,1075,
s023022905,p03735,u924885571,1569363541,C++,C++14 (GCC 5.4.1),cpp,Accepted,388.0,16748.0,1239,
s773288660,p03735,u335590796,1569113499,C++,C++14 (GCC 5.4.1),cpp,Accepted,448.0,17260.0,960,
s114100465,p03735,u516353059,1568863121,C++,C++14 (GCC 5.4.1),cpp,Accepted,450.0,22144.0,2997,
s267376278,p03735,u516353059,1568862488,C++,C++14 (GCC 5.4.1),cpp,Accepted,369.0,22144.0,3589,
s351794242,p03735,u309985845,1568563899,C++,C++14 (GCC 5.4.1),cpp,Accepted,81.0,4096.0,721,
s310092241,p03735,u018679195,1568551306,C++,C++14 (GCC 5.4.1),cpp,Accepted,55.0,6528.0,999,
s037282529,p03735,u476418095,1568499859,C++,C++ (GCC 5.4.1),cpp,Accepted,463.0,20608.0,886,
s302636930,p03735,u089230684,1568499810,C++,C++14 (GCC 5.4.1),cpp,Accepted,544.0,22656.0,886,
s278346217,p03735,u863370423,1568483468,C++,C++14 (GCC 5.4.1),cpp,Accepted,64.0,3328.0,2119,
s652207086,p03735,u141642872,1568449032,C++,C++14 (GCC 5.4.1),cpp,Accepted,203.0,19072.0,3217,
s026145099,p03735,u283869437,1568283363,C++,C++14 (GCC 5.4.1),cpp,Accepted,250.0,13952.0,12547,
s290654021,p03735,u089230684,1568258491,C++,C++14 (GCC 5.4.1),cpp,Accepted,51.0,3456.0,2024,
s324834749,p03735,u536150318,1568258484,C++,C++14 (GCC 5.4.1),cpp,Accepted,51.0,3456.0,2024,
s987396936,p03735,u247366051,1568258483,C++,C++14 (GCC 5.4.1),cpp,Accepted,51.0,3456.0,2050,
s404574034,p03735,u353919145,1568258320,C++,C++14 (GCC 5.4.1),cpp,Accepted,85.0,3328.0,1657,
s116236339,p03735,u451329114,1568237366,C++,C++14 (GCC 5.4.1),cpp,Accepted,781.0,20608.0,619,
s926483603,p03735,u678054852,1568170680,C++,C++14 (GCC 5.4.1),cpp,Accepted,521.0,20608.0,1282,
s511480016,p03735,u353919145,1568170652,C++,C++14 (GCC 5.4.1),cpp,Accepted,508.0,20608.0,1283,
s573665967,p03735,u018679195,1568170588,C++,C++14 (GCC 5.4.1),cpp,Accepted,508.0,22528.0,1285,
s545294500,p03735,u353919145,1568166884,C++,C++14 (GCC 5.4.1),cpp,Accepted,63.0,1792.0,1370,
s313713962,p03735,u426964396,1568166854,C++,C++ (GCC 5.4.1),cpp,Accepted,62.0,1792.0,1370,
s357863126,p03735,u863370423,1568164201,C++,C++14 (GCC 5.4.1),cpp,Accepted,55.0,9600.0,1136,
s838393086,p03735,u263933075,1568164042,C++,C++ (GCC 5.4.1),cpp,Accepted,57.0,9600.0,1136,
s959151263,p03735,u041115493,1568159141,C++,C++ (GCC 5.4.1),cpp,Accepted,65.0,12032.0,870,
s104397293,p03735,u055840188,1568147212,C++,C++ (GCC 5.4.1),cpp,Accepted,55.0,4352.0,1097,
s521003003,p03735,u247366051,1568144918,C++,C++14 (GCC 5.4.1),cpp,Accepted,50.0,9600.0,1376,
s149461554,p03735,u018679195,1568144884,C++,C++14 (GCC 5.4.1),cpp,Accepted,50.0,9600.0,1376,
s357862421,p03735,u898167769,1568144448,C++,C++14 (GCC 5.4.1),cpp,Accepted,148.0,12800.0,2842,
s430087208,p03735,u396278429,1568141791,C++,C++14 (GCC 5.4.1),cpp,Accepted,78.0,9456.0,1120,
s000014018,p03735,u723721005,1568140186,C++,C++ (GCC 5.4.1),cpp,Accepted,60.0,1792.0,800,
s647838259,p03735,u426964396,1568127672,C++,C++14 (GCC 5.4.1),cpp,Accepted,347.0,28544.0,1212,
s575606013,p03735,u825429292,1568061603,C++,C++14 (GCC 5.4.1),cpp,Accepted,547.0,20608.0,3355,
s225718827,p03735,u476418095,1567956574,C++,C++ (GCC 5.4.1),cpp,Accepted,796.0,23020.0,1230,
s345488538,p03735,u089230684,1567955576,C++,C++14 (GCC 5.4.1),cpp,Accepted,58.0,3328.0,1121,
s063967499,p03735,u089230684,1567955474,C++,C++14 (GCC 5.4.1),cpp,Accepted,508.0,20608.0,1275,
s881388016,p03735,u373943480,1567955375,C++,C++14 (GCC 5.4.1),cpp,Accepted,531.0,20608.0,1275,
s188962485,p03735,u026486976,1567955251,C++,C++14 (GCC 5.4.1),cpp,Accepted,58.0,3456.0,1120,
s582854837,p03735,u476418095,1567950504,C++,C++ (GCC 5.4.1),cpp,Accepted,494.0,22656.0,953,
s977453542,p03735,u018679195,1567950455,C++,C++14 (GCC 5.4.1),cpp,Accepted,523.0,20608.0,953,
s357671975,p03735,u816631826,1567911354,C++,C++14 (GCC 5.4.1),cpp,Accepted,182.0,6528.0,797,
s375159171,p03735,u476418095,1567904706,C++,C++ (GCC 5.4.1),cpp,Accepted,689.0,24172.0,1357,
s228967060,p03735,u353919145,1567904185,C++,C++14 (GCC 5.4.1),cpp,Accepted,56.0,6912.0,1139,
s125439161,p03735,u816631826,1567903889,C++,C++14 (GCC 5.4.1),cpp,Accepted,185.0,10368.0,878,
s674716770,p03735,u353919145,1567902253,C++,C++14 (GCC 5.4.1),cpp,Accepted,87.0,8064.0,1044,
s674511980,p03735,u723721005,1567902159,C++,C++14 (GCC 5.4.1),cpp,Accepted,87.0,8064.0,1070,
s586948450,p03735,u247366051,1567895643,C++,C++ (GCC 5.4.1),cpp,Accepted,64.0,10240.0,1101,
s430492724,p03735,u247366051,1567895427,C++,C++ (GCC 5.4.1),cpp,Accepted,64.0,10240.0,1086,
s544409243,p03735,u816631826,1567895339,C++,C++14 (GCC 5.4.1),cpp,Accepted,54.0,1792.0,1215,
s050592615,p03735,u089230684,1567895062,C++,C++14 (GCC 5.4.1),cpp,Accepted,63.0,4864.0,1376,
s721320405,p03735,u245341129,1567894984,C++,C++14 (GCC 5.4.1),cpp,Accepted,63.0,4864.0,1376,
s458156376,p03735,u089230684,1567894527,C++,C++14 (GCC 5.4.1),cpp,Accepted,65.0,9600.0,896,
s898537841,p03735,u426964396,1567894395,C++,C++ (GCC 5.4.1),cpp,Accepted,65.0,9600.0,896,
s486993237,p03735,u863370423,1567892201,C++,C++14 (GCC 5.4.1),cpp,Accepted,66.0,6528.0,896,
s731278756,p03735,u263933075,1567892016,C++,C++ (GCC 5.4.1),cpp,Accepted,66.0,6528.0,896,
s801166012,p03735,u863370423,1567890808,C++,C++14 (GCC 5.4.1),cpp,Accepted,48.0,7552.0,1028,
s223134456,p03735,u263933075,1567890754,C++,C++14 (GCC 5.4.1),cpp,Accepted,49.0,7680.0,1028,
s419680898,p03735,u247366051,1567890404,C++,C++ (GCC 5.4.1),cpp,Accepted,48.0,3328.0,1109,
s250606765,p03735,u018679195,1567890188,C++,C++14 (GCC 5.4.1),cpp,Accepted,48.0,3456.0,1109,
s307170439,p03735,u018679195,1567890106,C++,C++14 (GCC 5.4.1),cpp,Accepted,53.0,3328.0,1529,
s812798609,p03735,u678295385,1567890031,C++,C++14 (GCC 5.4.1),cpp,Accepted,52.0,3328.0,1529,
s833886163,p03735,u089230684,1567889254,C++,C++14 (GCC 5.4.1),cpp,Accepted,258.0,11136.0,1288,
s008789589,p03735,u816631826,1567886920,C++,C++14 (GCC 5.4.1),cpp,Accepted,197.0,4352.0,785,
s101652408,p03735,u426964396,1567886840,C++,C++ (GCC 5.4.1),cpp,Accepted,175.0,4352.0,785,
s394119356,p03735,u816631826,1567883591,C++,C++14 (GCC 5.4.1),cpp,Accepted,58.0,6528.0,1418,
s497068968,p03735,u590225792,1567883514,C++,C++14 (GCC 5.4.1),cpp,Accepted,57.0,6528.0,1418,
s596304207,p03735,u816631826,1567879636,C++,C++14 (GCC 5.4.1),cpp,Accepted,497.0,25088.0,1090,
s792169692,p03735,u476418095,1567879585,C++,C++ (GCC 5.4.1),cpp,Accepted,483.0,25088.0,1116,
s838518830,p03735,u247366051,1567875676,C++,C++ (GCC 5.4.1),cpp,Accepted,683.0,3456.0,1102,
s572369282,p03735,u723721005,1567875377,C++,C++ (GCC 5.4.1),cpp,Accepted,1768.0,4992.0,1389,
s776532553,p03735,u353919145,1567875127,C++,C++14 (GCC 5.4.1),cpp,Accepted,1774.0,4992.0,1389,
s392669935,p03735,u089230684,1567874840,C++,C++14 (GCC 5.4.1),cpp,Accepted,687.0,3328.0,1102,
s651039419,p03735,u723721005,1567874365,C++,C++14 (GCC 5.4.1),cpp,Accepted,51.0,7936.0,1252,
s406268146,p03735,u784820127,1567873886,C++,C++ (GCC 5.4.1),cpp,Accepted,1073.0,3328.0,3540,
s717345351,p03735,u863370423,1567873712,C++,C++14 (GCC 5.4.1),cpp,Accepted,58.0,8064.0,1807,
s544726895,p03735,u018679195,1567872026,C++,C++14 (GCC 5.4.1),cpp,Accepted,682.0,22656.0,1156,
s258916079,p03735,u863370423,1567869427,C++,C++14 (GCC 5.4.1),cpp,Accepted,1061.0,3328.0,3540,
s202331302,p03735,u816631826,1567866015,C++,C++14 (GCC 5.4.1),cpp,Accepted,51.0,7936.0,1252,
s344482587,p03735,u646339490,1567695591,C++,C++14 (GCC 5.4.1),cpp,Accepted,204.0,9584.0,2013,
s247557427,p03735,u693027786,1567663849,C++,C++14 (GCC 5.4.1),cpp,Accepted,430.0,19304.0,1632,
s288616759,p03735,u699008937,1567653430,C++,C++14 (GCC 5.4.1),cpp,Accepted,588.0,25088.0,922,
s154778733,p03735,u817026203,1567651136,C++,C++14 (GCC 5.4.1),cpp,Accepted,252.0,16876.0,1017,
s601271097,p03735,u171366497,1567593327,C++,C++14 (GCC 5.4.1),cpp,Accepted,285.0,19072.0,2220,
s039152034,p03735,u218843509,1567550174,Python,Python (3.4.3),py,Accepted,1232.0,40036.0,770,
s072325534,p03735,u357265888,1567521465,C++,C++14 (GCC 5.4.1),cpp,Accepted,789.0,30440.0,2725,
s511377520,p03735,u643840641,1567123885,C++,C++14 (GCC 5.4.1),cpp,Accepted,150.0,15872.0,1257,
s822444153,p03735,u651317892,1566616599,C++,C++14 (GCC 5.4.1),cpp,Accepted,175.0,3328.0,731,
s242258545,p03735,u918753189,1566603772,C++,C++14 (GCC 5.4.1),cpp,Accepted,379.0,15872.0,1434,
s228910044,p03735,u151855078,1566076928,C++,C++14 (GCC 5.4.1),cpp,Accepted,77.0,3328.0,1271,
s782620051,p03735,u761407600,1565994866,C++,C++14 (GCC 5.4.1),cpp,Accepted,227.0,12800.0,4366,
s912890805,p03735,u761407600,1565994549,C++,C++14 (GCC 5.4.1),cpp,Accepted,218.0,12800.0,3898,
s057825082,p03735,u370768058,1565969318,C++,C++14 (GCC 5.4.1),cpp,Accepted,222.0,24936.0,4022,
s515258335,p03735,u534998883,1565848760,C++,C++14 (GCC 5.4.1),cpp,Accepted,201.0,9584.0,1232,
s664625314,p03735,u781735900,1565830804,C++,C++14 (GCC 5.4.1),cpp,Accepted,50.0,2560.0,1173,
s813773356,p03735,u791593901,1565691042,C++,C++14 (GCC 5.4.1),cpp,Accepted,181.0,6384.0,2486,
s731524034,p03735,u133391510,1565217630,C++,C++14 (GCC 5.4.1),cpp,Accepted,226.0,3328.0,1504,
s908580249,p03735,u251828455,1564806101,C++,C++14 (GCC 5.4.1),cpp,Accepted,233.0,9580.0,1138,
s217913871,p03735,u018679195,1564684756,C++,C++14 (GCC 5.4.1),cpp,Accepted,508.0,22144.0,922,
s622922955,p03735,u353919145,1564683319,C++,C++14 (GCC 5.4.1),cpp,Accepted,60.0,1664.0,1169,
s585235987,p03735,u816631826,1564618550,C++,C++14 (GCC 5.4.1),cpp,Accepted,67.0,8064.0,952,
s103192180,p03735,u456065785,1564617463,C++,C++14 (GCC 5.4.1),cpp,Accepted,361.0,16876.0,1704,
s675849079,p03735,u134833921,1564585798,C++,C++14 (GCC 5.4.1),cpp,Accepted,69.0,8064.0,952,
s246744565,p03735,u905710781,1564546174,C++,C++14 (GCC 5.4.1),cpp,Accepted,96.0,9456.0,1462,
s167831384,p03735,u018679195,1564535622,C++,C++14 (GCC 5.4.1),cpp,Accepted,61.0,4992.0,1022,
s434825242,p03735,u089230684,1564535062,C++,C++14 (GCC 5.4.1),cpp,Accepted,61.0,4992.0,1021,
s395163890,p03735,u353919145,1564533090,C++,C++14 (GCC 5.4.1),cpp,Accepted,481.0,20736.0,724,
s980798291,p03735,u439661617,1564529084,C++,C++14 (GCC 5.4.1),cpp,Accepted,356.0,22912.0,949,
s913677517,p03735,u268284127,1564507218,C++,C++14 (GCC 5.4.1),cpp,Accepted,45.0,3328.0,7894,
s047139509,p03735,u558299650,1564194594,C++,C++14 (GCC 5.4.1),cpp,Accepted,245.0,11264.0,2253,
s505377966,p03735,u813299889,1564163953,C++,C++14 (GCC 5.4.1),cpp,Accepted,396.0,35584.0,5099,
s067941958,p03735,u558299650,1564075492,C++,C++14 (GCC 5.4.1),cpp,Accepted,217.0,14320.0,6960,
s265483173,p03735,u051493691,1564044699,C++,C++14 (GCC 5.4.1),cpp,Accepted,128.0,15872.0,11792,
s657559555,p03735,u167931717,1563998362,C++,C++14 (GCC 5.4.1),cpp,Accepted,208.0,14572.0,17259,
s402063289,p03735,u084266712,1563608846,C++,C++14 (GCC 5.4.1),cpp,Accepted,411.0,19072.0,3326,
s638311762,p03735,u651636556,1563604495,C++,C++14 (GCC 5.4.1),cpp,Accepted,109.0,3956.0,2064,
s456553292,p03735,u096883693,1563495821,C++,C++14 (GCC 5.4.1),cpp,Accepted,64.0,9712.0,1258,
s052300531,p03735,u102461423,1563131633,Python,Python (3.4.3),py,Accepted,448.0,92496.0,966,
s417881882,p03735,u086196907,1563080313,C++,C++14 (GCC 5.4.1),cpp,Accepted,83.0,10368.0,1035,
s338241317,p03735,u342566144,1563072541,C++,C++14 (GCC 5.4.1),cpp,Accepted,83.0,10624.0,1046,
s286253649,p03735,u052065730,1563066859,C++,C++14 (GCC 5.4.1),cpp,Accepted,95.0,7536.0,893,
s448436975,p03735,u602786373,1563051598,C++,C++14 (GCC 5.4.1),cpp,Accepted,124.0,4224.0,1029,
s085096476,p03735,u721367699,1562979310,C++,C++14 (GCC 5.4.1),cpp,Accepted,180.0,6384.0,1253,
s733206123,p03735,u304382419,1562974394,C++,C++14 (GCC 5.4.1),cpp,Accepted,93.0,10604.0,823,
s978971770,p03735,u790455432,1562789801,C++,C++14 (GCC 5.4.1),cpp,Accepted,256.0,12544.0,1129,
s959286218,p03735,u846589369,1562336475,C++,C++14 (GCC 5.4.1),cpp,Accepted,612.0,22144.0,721,
s977153105,p03735,u703542072,1561942483,C++,C++ (GCC 5.4.1),cpp,Accepted,48.0,6528.0,905,
s827842575,p03735,u058113228,1561730179,C++,C++ (GCC 5.4.1),cpp,Accepted,552.0,22656.0,845,
s748497656,p03735,u730731139,1561388495,C++,C++14 (GCC 5.4.1),cpp,Accepted,74.0,6528.0,1659,
s733573342,p03735,u588093355,1560918759,C++,C++14 (GCC 5.4.1),cpp,Accepted,44.0,3456.0,2335,
s901645398,p03735,u614497125,1560857379,C++,C++14 (GCC 5.4.1),cpp,Accepted,228.0,16876.0,2475,
s026585203,p03735,u607034173,1559473042,C++,C++14 (GCC 5.4.1),cpp,Accepted,90.0,18284.0,6990,
s483862446,p03735,u018679195,1559091780,C++,C++14 (GCC 5.4.1),cpp,Accepted,89.0,5760.0,1398,
s655332954,p03735,u987564901,1558677807,C++,C++14 (GCC 5.4.1),cpp,Accepted,79.0,3572.0,1745,
s690057050,p03735,u651636556,1558582819,C++,C++14 (GCC 5.4.1),cpp,Accepted,78.0,3956.0,2236,
s419335319,p03735,u379976159,1558359670,C++,C++ (GCC 5.4.1),cpp,Accepted,54.0,1920.0,1381,
s986285991,p03735,u993619636,1557868025,C++,C++14 (GCC 5.4.1),cpp,Accepted,406.0,19180.0,1244,
s178525797,p03735,u820262277,1557684740,C++,C++11 (GCC 4.8.1),cpp,Accepted,417.0,34664.0,18841,
s329580138,p03735,u737214831,1556728919,C++,C++14 (GCC 5.4.1),cpp,Accepted,697.0,20608.0,1545,
s523039188,p03735,u737214831,1556728632,C++,C++14 (GCC 5.4.1),cpp,Accepted,451.0,22656.0,1545,
s212935733,p03735,u737214831,1556727637,C++,C++14 (GCC 5.4.1),cpp,Accepted,731.0,20732.0,1545,
s131513881,p03735,u096883693,1556596703,C++,C++14 (GCC 5.4.1),cpp,Accepted,26.0,2048.0,1735,
s176876869,p03735,u096883693,1556596485,C++,C++14 (GCC 5.4.1),cpp,Accepted,25.0,1920.0,1679,
s923469803,p03735,u895971408,1556593290,C++,C++14 (GCC 5.4.1),cpp,Accepted,228.0,16748.0,2320,
s698351605,p03735,u096883693,1556592976,C++,C++14 (GCC 5.4.1),cpp,Accepted,147.0,5104.0,1646,
s174657759,p03735,u272015756,1556542554,C++,C++14 (GCC 5.4.1),cpp,Accepted,60.0,6528.0,1028,
s304099621,p03735,u863370423,1556528243,C++,C++14 (GCC 5.4.1),cpp,Accepted,59.0,6528.0,1028,
s736036933,p03735,u007610006,1556089298,C++,C++14 (GCC 5.4.1),cpp,Accepted,361.0,13676.0,1472,
s172094313,p03735,u040490988,1555791450,C++,C++14 (GCC 5.4.1),cpp,Accepted,374.0,21104.0,1447,
s606256654,p03735,u437391064,1555791279,C++,C++14 (GCC 5.4.1),cpp,Accepted,195.0,3328.0,3454,
s297527559,p03735,u074465060,1555531573,C++,C++ (GCC 5.4.1),cpp,Accepted,48.0,3328.0,1202,
s806540701,p03735,u142717651,1555297117,C++,C++14 (GCC 5.4.1),cpp,Accepted,51.0,1792.0,1034,
s936587843,p03735,u845980916,1555288626,C++,C++14 (GCC 5.4.1),cpp,Accepted,584.0,20608.0,1426,
s596512039,p03735,u855429581,1555212530,C++,C++14 (GCC 5.4.1),cpp,Accepted,60.0,3328.0,869,
s087488284,p03735,u334624175,1555041515,C++,C++14 (Clang 3.8.0),cpp,Accepted,439.0,9584.0,1479,
s985145883,p03735,u693133807,1554953325,C++,C++14 (GCC 5.4.1),cpp,Accepted,179.0,6528.0,1042,
s349842100,p03735,u805729268,1554864197,C++,C++14 (GCC 5.4.1),cpp,Accepted,276.0,12800.0,1715,
s588506319,p03735,u426964396,1554840966,C++,C++14 (GCC 5.4.1),cpp,Accepted,244.0,13184.0,3152,
s750312443,p03735,u715750943,1554732741,C++,C++14 (GCC 5.4.1),cpp,Accepted,56.0,9712.0,6405,
s960945494,p03735,u603303736,1554520086,C++,C++14 (GCC 5.4.1),cpp,Accepted,357.0,13556.0,8492,
s537838517,p03735,u449722246,1554499764,C++,C++14 (GCC 5.4.1),cpp,Accepted,187.0,1792.0,926,
s626756284,p03735,u062147869,1554498637,Python,PyPy3 (2.4.0),py,Accepted,1133.0,85852.0,466,
s349563187,p03735,u247366051,1554300801,C++,C++ (GCC 5.4.1),cpp,Accepted,54.0,6528.0,999,
s560099514,p03735,u006204672,1554263303,C++,C++14 (GCC 5.4.1),cpp,Accepted,105.0,14336.0,3085,
s897145626,p03735,u015768390,1554099345,C++,C++14 (GCC 5.4.1),cpp,Accepted,187.0,6528.0,1942,
s934225841,p03735,u506255180,1553893801,C++,C++14 (GCC 5.4.1),cpp,Accepted,188.0,2420.0,1359,
s287912003,p03735,u476418095,1553558244,C++,C++ (GCC 5.4.1),cpp,Accepted,55.0,1792.0,1090,
s879045560,p03735,u848653501,1553558167,C++,C++14 (GCC 5.4.1),cpp,Accepted,55.0,1920.0,1090,
s169489800,p03735,u353919145,1553541407,C++,C++14 (GCC 5.4.1),cpp,Accepted,197.0,4992.0,902,
s635932161,p03735,u731138875,1553512617,C++,C++14 (GCC 5.4.1),cpp,Accepted,60.0,1920.0,1012,
s256985334,p03735,u731138875,1553510383,C++,C++14 (GCC 5.4.1),cpp,Accepted,194.0,4992.0,901,
s899573075,p03735,u500851247,1553484219,C++,C++14 (GCC 5.4.1),cpp,Accepted,466.0,22528.0,1154,
s027766156,p03735,u500851247,1553482988,C++,C++14 (GCC 5.4.1),cpp,Accepted,481.0,20608.0,1234,
s311494309,p03735,u464804957,1553308931,C++,C++14 (GCC 5.4.1),cpp,Accepted,177.0,6512.0,683,
s716344272,p03735,u247366051,1553138223,C++,C++ (GCC 5.4.1),cpp,Accepted,487.0,20608.0,1295,
s735835484,p03735,u723721005,1553137963,C++,C++ (GCC 5.4.1),cpp,Accepted,529.0,20608.0,1091,
s538955059,p03735,u898651494,1552773370,C++,C++14 (GCC 5.4.1),cpp,Accepted,589.0,25216.0,3392,
s438307247,p03735,u811004127,1552772754,C++,C++14 (GCC 5.4.1),cpp,Accepted,372.0,12800.0,2718,
s997006066,p03735,u015514760,1552499445,C++,C++14 (GCC 5.4.1),cpp,Accepted,197.0,3328.0,904,
s333790626,p03735,u423143252,1552429912,C++,C++14 (GCC 5.4.1),cpp,Accepted,665.0,39772.0,3465,
s309232172,p03735,u683243936,1552249888,C++,C++14 (GCC 5.4.1),cpp,Accepted,46.0,1792.0,1293,
s155245176,p03735,u243961437,1552100831,C++,C++14 (GCC 5.4.1),cpp,Accepted,185.0,3328.0,1074,
s370605694,p03735,u560195438,1552015814,C++,C++ (GCC 5.4.1),cpp,Accepted,48.0,3328.0,1293,
s951784156,p03735,u426964396,1552009154,C++,C++14 (GCC 5.4.1),cpp,Accepted,122.0,31104.0,1657,
s005150075,p03735,u194740579,1552009120,C++,C++14 (GCC 5.4.1),cpp,Accepted,118.0,31104.0,1657,
s499322449,p03735,u863370423,1551842292,C++,C++14 (GCC 5.4.1),cpp,Accepted,73.0,11136.0,1778,
s594969207,p03735,u057222094,1551842243,C++,C++14 (GCC 5.4.1),cpp,Accepted,74.0,11136.0,1778,
s821771931,p03735,u247366051,1551800380,C++,C++14 (GCC 5.4.1),cpp,Accepted,127.0,7808.0,2059,
s665017881,p03735,u247366051,1551760750,C++,C++14 (GCC 5.4.1),cpp,Accepted,64.0,3328.0,791,
s203069504,p03735,u426964396,1551757896,C++,C++ (GCC 5.4.1),cpp,Accepted,49.0,3328.0,1017,
s777516259,p03735,u456786165,1551756762,C++,C++14 (GCC 5.4.1),cpp,Accepted,62.0,4992.0,909,
s055533178,p03735,u247366051,1551753256,C++,C++ (GCC 5.4.1),cpp,Accepted,126.0,8832.0,2117,
s847537421,p03735,u086317570,1551753201,C++,C++14 (GCC 5.4.1),cpp,Accepted,128.0,8960.0,2141,
s912081229,p03735,u563201135,1551751267,C++,C++14 (GCC 5.4.1),cpp,Accepted,238.0,11136.0,1421,
s973999930,p03735,u030892114,1551673496,C++,C++14 (GCC 5.4.1),cpp,Accepted,51.0,1920.0,2502,
s116032090,p03735,u713368169,1551664672,C++,C++ (GCC 5.4.1),cpp,Accepted,71.0,6268.0,1425,
s634839583,p03735,u846041485,1551591498,C++,C++14 (GCC 5.4.1),cpp,Accepted,84.0,4224.0,1333,
s655370375,p03735,u899635344,1551303620,C++,C++14 (GCC 5.4.1),cpp,Accepted,203.0,8064.0,1846,
s292010308,p03735,u182914272,1551150549,C++,C++14 (GCC 5.4.1),cpp,Accepted,603.0,22656.0,839,
s698747141,p03735,u633020228,1551112785,C++,C++14 (GCC 5.4.1),cpp,Accepted,272.0,25576.0,6615,
s321391213,p03735,u633020228,1551112235,C++,C++14 (GCC 5.4.1),cpp,Accepted,266.0,25576.0,6890,
s602305261,p03735,u350561621,1550907679,C++,C++14 (GCC 5.4.1),cpp,Accepted,90.0,8432.0,1242,
s629555195,p03735,u949168783,1550422955,C++,C++14 (GCC 5.4.1),cpp,Accepted,237.0,18688.0,2552,
s268020603,p03735,u901862155,1550232908,C++,C++14 (GCC 5.4.1),cpp,Accepted,436.0,28416.0,929,
s893787282,p03735,u966495857,1550207615,C++,C++14 (GCC 5.4.1),cpp,Accepted,237.0,16876.0,2026,
s201118566,p03735,u065067525,1550204559,C++,C++14 (GCC 5.4.1),cpp,Accepted,640.0,22144.0,1216,
s665299277,p03735,u960524878,1550123880,C++,C++14 (GCC 5.4.1),cpp,Accepted,187.0,9584.0,2792,
s164867204,p03735,u239493918,1550050386,C++,C++14 (GCC 5.4.1),cpp,Accepted,46.0,3456.0,7931,
s710072594,p03735,u915020369,1550027712,C++,C++14 (GCC 5.4.1),cpp,Accepted,99.0,5888.0,2689,
s852743323,p03735,u424110125,1549603184,C++,C++14 (GCC 5.4.1),cpp,Accepted,282.0,15872.0,3027,
s545147619,p03735,u121794232,1549404611,C++,C++14 (GCC 5.4.1),cpp,Accepted,200.0,3328.0,2392,
s727771000,p03735,u007446928,1549392079,C++,C++14 (GCC 5.4.1),cpp,Accepted,200.0,6512.0,712,
s826597670,p03735,u646339490,1549212371,C++,C++14 (GCC 5.4.1),cpp,Accepted,188.0,9572.0,1146,
s443915380,p03735,u071343905,1548914010,C++,C++14 (GCC 5.4.1),cpp,Accepted,106.0,3956.0,1117,
s008155622,p03735,u215237678,1548796794,C++,C++14 (GCC 5.4.1),cpp,Accepted,62.0,1792.0,1548,
s042492499,p03735,u216962796,1548629816,C++,C++14 (GCC 5.4.1),cpp,Accepted,280.0,23596.0,3706,
s115863731,p03735,u476418095,1548558308,C++,C++ (GCC 5.4.1),cpp,Accepted,92.0,9984.0,1726,
s970606785,p03735,u398942100,1548558063,C++,C++14 (GCC 5.4.1),cpp,Accepted,69.0,9584.0,7509,
s965052076,p03735,u094270015,1548456740,C++,C++14 (GCC 5.4.1),cpp,Accepted,207.0,8048.0,1429,
s038218960,p03735,u476418095,1548454571,C++,C++ (GCC 5.4.1),cpp,Accepted,612.0,22528.0,1160,
s329038180,p03735,u426964396,1548454407,C++,C++ (GCC 5.4.1),cpp,Accepted,64.0,3328.0,897,
s732893485,p03735,u570522509,1548288526,C++,C++14 (GCC 5.4.1),cpp,Accepted,65.0,9584.0,3394,
s542917591,p03735,u247366051,1548282949,C++,C++ (GCC 5.4.1),cpp,Accepted,65.0,10240.0,1086,
s102179524,p03735,u476418095,1548281046,C++,C++ (GCC 5.4.1),cpp,Accepted,63.0,1792.0,809,
s948192376,p03735,u723721005,1548206568,C++,C++ (GCC 5.4.1),cpp,Accepted,109.0,8064.0,1378,
s148340673,p03735,u426964396,1548197667,C++,C++ (GCC 5.4.1),cpp,Accepted,66.0,1792.0,1187,
s793616535,p03735,u476418095,1548194604,C++,C++ (GCC 5.4.1),cpp,Accepted,62.0,1792.0,1601,
s104601622,p03735,u980655160,1548097405,C++,C++14 (GCC 5.4.1),cpp,Accepted,321.0,10604.0,2179,
s904514328,p03735,u242534780,1548004098,C++,C++14 (GCC 5.4.1),cpp,Accepted,138.0,11120.0,1251,
s307253729,p03735,u736934109,1547830621,C++,C++14 (GCC 5.4.1),cpp,Accepted,729.0,22144.0,574,
s840269735,p03735,u242534780,1547264671,C++,C++14 (GCC 5.4.1),cpp,Accepted,163.0,11264.0,1222,
s226867361,p03735,u094821005,1547104790,C++,C++14 (GCC 5.4.1),cpp,Accepted,91.0,7532.0,1451,
s864253939,p03735,u266602249,1547011904,C++,C++14 (GCC 5.4.1),cpp,Accepted,87.0,16236.0,1202,
s379404134,p03735,u957084285,1546730706,C++,C++14 (GCC 5.4.1),cpp,Accepted,233.0,2420.0,1488,
s097420967,p03735,u476418095,1546730035,C++,C++ (GCC 5.4.1),cpp,Accepted,32.0,1664.0,943,
s127812452,p03735,u382880969,1546317386,C++,C++14 (GCC 5.4.1),cpp,Accepted,189.0,6128.0,1325,
s164481391,p03735,u888431072,1545691543,C++,C++ (GCC 5.4.1),cpp,Accepted,594.0,20608.0,1091,
s155939901,p03735,u473013083,1545515607,C++,C++ (GCC 5.4.1),cpp,Accepted,523.0,20608.0,1208,
s000207197,p03735,u236127431,1545345839,Python,PyPy3 (2.4.0),py,Accepted,1057.0,68900.0,920,
s376460598,p03735,u379947938,1545256772,C++,C++14 (GCC 5.4.1),cpp,Accepted,200.0,9728.0,1416,
s176771950,p03735,u368780724,1545178060,Python,Python (3.4.3),py,Accepted,922.0,47492.0,766,
s690448370,p03735,u558092537,1545154991,C++,C++14 (Clang 3.8.0),cpp,Accepted,677.0,12800.0,1758,
s690714112,p03735,u842424397,1545105988,C++,C++ (GCC 5.4.1),cpp,Accepted,582.0,20608.0,1164,
s890878420,p03735,u693386219,1544672512,C++,C++14 (GCC 5.4.1),cpp,Accepted,333.0,23916.0,3085,
s356458866,p03735,u693386219,1544672426,C++,C++14 (GCC 5.4.1),cpp,Accepted,342.0,24044.0,3468,
s421896829,p03735,u445097537,1544552794,C++,C++14 (GCC 5.4.1),cpp,Accepted,92.0,6400.0,1185,
s680647554,p03735,u888431072,1544131985,C++,C++14 (GCC 5.4.1),cpp,Accepted,566.0,20608.0,972,
s866757783,p03735,u976045235,1543144188,C++,C++14 (GCC 5.4.1),cpp,Accepted,422.0,47616.0,2295,
s855641789,p03735,u976045235,1543143824,C++,C++14 (GCC 5.4.1),cpp,Accepted,389.0,45568.0,2295,
s155158146,p03735,u924339359,1542425380,C++,C++14 (GCC 5.4.1),cpp,Accepted,187.0,9584.0,1074,
s848322128,p03735,u415041731,1541697789,C++,C++14 (GCC 5.4.1),cpp,Accepted,63.0,3456.0,2002,
s131868985,p03735,u415041731,1541697186,C++,C++14 (GCC 5.4.1),cpp,Accepted,62.0,3456.0,2048,
s106763032,p03735,u241182318,1539787678,C++,C++14 (GCC 5.4.1),cpp,Accepted,36.0,1664.0,1456,
s445451074,p03735,u241182318,1539787505,C++,C++14 (GCC 5.4.1),cpp,Accepted,37.0,1664.0,1547,
s607443611,p03735,u059727354,1539758324,C++,C++14 (GCC 5.4.1),cpp,Accepted,178.0,3328.0,3306,
s915028985,p03735,u375530709,1539567334,C++,C++14 (GCC 5.4.1),cpp,Accepted,52.0,1664.0,1875,
s835816010,p03735,u522737321,1539395524,C++,C++14 (GCC 5.4.1),cpp,Accepted,500.0,20592.0,2104,
s060914521,p03735,u522737321,1539394924,C++,C++14 (GCC 5.4.1),cpp,Accepted,590.0,24940.0,1398,
s650518534,p03735,u398756778,1538880169,C++,C++14 (GCC 5.4.1),cpp,Accepted,712.0,23020.0,1397,
s684631200,p03735,u467736898,1538624703,Python,Python (3.4.3),py,Accepted,1676.0,62940.0,723,
s113763393,p03735,u968834127,1538545339,C++,C++14 (GCC 5.4.1),cpp,Accepted,226.0,15872.0,902,
s749418438,p03735,u640323045,1538204741,C++,C++14 (GCC 5.4.1),cpp,Accepted,178.0,6512.0,1021,
s364007984,p03735,u623954643,1538160570,C++,C++14 (GCC 5.4.1),cpp,Accepted,398.0,22272.0,849,
s680585330,p03735,u623954643,1538160330,C++,C++14 (GCC 5.4.1),cpp,Accepted,399.0,25216.0,875,
s550480357,p03735,u342703951,1537568367,C++,C++14 (GCC 5.4.1),cpp,Accepted,216.0,11648.0,965,
s100119042,p03735,u533920479,1537276971,C++,C++14 (GCC 5.4.1),cpp,Accepted,456.0,25216.0,957,
s379771395,p03735,u434231045,1537220283,C++,C++14 (GCC 5.4.1),cpp,Accepted,181.0,6528.0,1554,
s341460885,p03735,u318857467,1537118430,C++,C++14 (GCC 5.4.1),cpp,Accepted,631.0,22144.0,1282,
s269565443,p03735,u711778147,1536982683,C++,C++14 (GCC 5.4.1),cpp,Accepted,234.0,1792.0,1234,
s460237371,p03735,u667024514,1536891688,Python,Python (3.4.3),py,Accepted,962.0,18968.0,1141,
s672759247,p03735,u536580583,1536885710,C++,C++14 (GCC 5.4.1),cpp,Accepted,560.0,19456.0,3364,
s780259927,p03735,u424655672,1536877584,C++,C++14 (GCC 5.4.1),cpp,Accepted,201.0,4976.0,1268,
s407038733,p03735,u876335718,1536859155,C++,C++14 (GCC 5.4.1),cpp,Accepted,393.0,50932.0,5190,
s834937050,p03735,u711985352,1536645738,C++,C++14 (GCC 5.4.1),cpp,Accepted,187.0,3328.0,1235,
s058537664,p03735,u075012704,1536540938,Python,Python (3.4.3),py,Accepted,1286.0,36288.0,1129,
s269340424,p03735,u385621775,1536292423,C++,C++14 (GCC 5.4.1),cpp,Accepted,236.0,21844.0,2111,
s505036170,p03735,u069135055,1536203482,C++,C++14 (GCC 5.4.1),cpp,Accepted,66.0,2560.0,950,
s934766963,p03735,u736004166,1536200813,C++,C++14 (GCC 5.4.1),cpp,Accepted,231.0,1792.0,1234,
s584464446,p03735,u960524878,1536113482,C++,C++14 (GCC 5.4.1),cpp,Accepted,193.0,9328.0,2406,
s075425798,p03735,u308650788,1536022422,C++,C++14 (GCC 5.4.1),cpp,Accepted,206.0,15744.0,2434,
s728499493,p03735,u492373312,1535700626,C++,C++14 (GCC 5.4.1),cpp,Accepted,62.0,1920.0,1494,
s498548192,p03735,u836644468,1535481569,C++,C++14 (GCC 5.4.1),cpp,Accepted,419.0,12912.0,3431,
s156721229,p03735,u190328016,1535401779,C++,C++ (GCC 5.4.1),cpp,Accepted,61.0,1792.0,1601,
s998012961,p03735,u171867736,1535143063,C++,C++14 (GCC 5.4.1),cpp,Accepted,45.0,1792.0,2242,
s280361649,p03735,u108808596,1534825694,C++,C++14 (GCC 5.4.1),cpp,Accepted,103.0,6528.0,3204,
s004215848,p03735,u329802369,1534752924,C++,C++14 (GCC 5.4.1),cpp,Accepted,92.0,8048.0,1141,
s367958635,p03735,u692632484,1534702297,C++,C++14 (GCC 5.4.1),cpp,Accepted,223.0,16492.0,2079,
s376876727,p03735,u656572785,1534689126,C++,C++14 (GCC 5.4.1),cpp,Accepted,263.0,17920.0,1460,
s146252324,p03735,u263933075,1533860845,C++,C++ (GCC 5.4.1),cpp,Accepted,56.0,12800.0,1510,
s513498043,p03735,u120143737,1533322792,C++,C++14 (GCC 5.4.1),cpp,Accepted,184.0,3456.0,2127,
s135205080,p03735,u834777932,1533065209,C++,C++14 (GCC 5.4.1),cpp,Accepted,257.0,39784.0,14021,
s136887659,p03735,u843522325,1533012807,C++,C++14 (GCC 5.4.1),cpp,Accepted,203.0,6528.0,959,
s067712919,p03735,u294531924,1532697458,C++,C++14 (GCC 5.4.1),cpp,Accepted,181.0,3456.0,2057,
s626043258,p03735,u024075299,1532124024,C++,C++14 (GCC 5.4.1),cpp,Accepted,89.0,13184.0,2799,
s187096902,p03735,u651633098,1531795046,C++,C++14 (GCC 5.4.1),cpp,Accepted,82.0,4096.0,1838,
s266638503,p03735,u743900647,1531281996,C++,C++14 (GCC 5.4.1),cpp,Accepted,206.0,3328.0,1203,
s046357739,p03735,u629015299,1531261061,C++,C++14 (GCC 5.4.1),cpp,Accepted,65.0,1920.0,1852,
s123633655,p03735,u046768272,1531197544,C++,C++14 (GCC 5.4.1),cpp,Accepted,180.0,3456.0,767,
s994579773,p03735,u495699318,1531192757,C++,C++14 (GCC 5.4.1),cpp,Accepted,219.0,16364.0,1629,
s148511321,p03735,u319282133,1531088301,C++,C++14 (GCC 5.4.1),cpp,Accepted,341.0,27904.0,2738,
s742298547,p03735,u110383845,1530277023,C++,C++14 (GCC 5.4.1),cpp,Accepted,196.0,5492.0,2042,
s243391509,p03735,u823112986,1529884055,C++,C++14 (GCC 5.4.1),cpp,Accepted,193.0,8532.0,1302,
s838187224,p03735,u508231342,1529609514,C++,C++14 (GCC 5.4.1),cpp,Accepted,57.0,1792.0,881,
s504110301,p03735,u195756521,1529448013,C++,C++14 (GCC 5.4.1),cpp,Accepted,548.0,20608.0,1790,
s134875918,p03735,u091367113,1529445213,C++,C++14 (GCC 5.4.1),cpp,Accepted,312.0,14336.0,1592,
s623881543,p03735,u347163009,1529006332,C++,C++14 (GCC 5.4.1),cpp,Accepted,350.0,22912.0,10238,
s399897506,p03735,u579875569,1528962800,C++,C++14 (GCC 5.4.1),cpp,Accepted,272.0,24796.0,7027,
s508342695,p03735,u743451419,1528924872,C++,C++14 (GCC 5.4.1),cpp,Accepted,89.0,7296.0,1076,
s182615004,p03735,u017214229,1528604706,C++,C++14 (GCC 5.4.1),cpp,Accepted,231.0,4352.0,612,
s196952089,p03735,u333877810,1528533049,C++,C++14 (GCC 5.4.1),cpp,Accepted,573.0,45552.0,2074,
s181429097,p03735,u333877810,1528532902,C++,C++14 (GCC 5.4.1),cpp,Accepted,564.0,45552.0,2282,
s068766784,p03735,u461085461,1528418701,C++,C++14 (GCC 5.4.1),cpp,Accepted,50.0,1792.0,823,
s829421555,p03735,u426964396,1528415598,C++,C++14 (GCC 5.4.1),cpp,Accepted,50.0,1792.0,822,
s702431878,p03735,u018679195,1528409330,C++,C++14 (GCC 5.4.1),cpp,Accepted,64.0,3328.0,763,
s299458372,p03735,u353919145,1528408182,C++,C++14 (GCC 5.4.1),cpp,Accepted,646.0,21248.0,3821,
s791573662,p03735,u816631826,1528407845,C++,C++14 (GCC 5.4.1),cpp,Accepted,50.0,1792.0,773,
s508083775,p03735,u816631826,1528407106,C++,C++14 (GCC 5.4.1),cpp,Accepted,574.0,21376.0,1069,
s837114830,p03735,u910444501,1527905112,C++,C++14 (GCC 5.4.1),cpp,Accepted,669.0,32364.0,1724,
s535442210,p03735,u930898631,1527278606,C++,C++14 (GCC 5.4.1),cpp,Accepted,718.0,33516.0,1471,
s959524561,p03735,u504103417,1526951558,C++,C++14 (GCC 5.4.1),cpp,Accepted,314.0,23788.0,2008,
s567521101,p03735,u243961437,1526835003,C++,C++14 (GCC 5.4.1),cpp,Accepted,236.0,3444.0,852,
s387450840,p03735,u965605751,1525557425,C++,C++14 (GCC 5.4.1),cpp,Accepted,360.0,18164.0,1251,
s221820891,p03735,u533330158,1525154110,C++,C++14 (GCC 5.4.1),cpp,Accepted,184.0,19712.0,2371,
s235668268,p03735,u728732647,1525062404,C++,C++14 (GCC 5.4.1),cpp,Accepted,199.0,19072.0,3011,
s627822798,p03735,u061916079,1524998525,C++,C++14 (GCC 5.4.1),cpp,Accepted,168.0,29416.0,8484,
s121182325,p03735,u647875062,1524844547,C++,C++14 (GCC 5.4.1),cpp,Accepted,469.0,20608.0,663,
s782891900,p03735,u579152247,1524608580,C++,C++14 (GCC 5.4.1),cpp,Accepted,163.0,3456.0,3591,
s873031526,p03735,u802071009,1524337015,C++,C++14 (GCC 5.4.1),cpp,Accepted,89.0,9584.0,4127,
s735442578,p03735,u997521090,1524265710,C++,C++ (GCC 5.4.1),cpp,Accepted,186.0,3456.0,1284,
s104325202,p03735,u360980679,1523422189,C++,C++14 (GCC 5.4.1),cpp,Accepted,188.0,15596.0,1522,
s788993410,p03735,u733618878,1523215505,C++,C++14 (GCC 5.4.1),cpp,Accepted,256.0,11136.0,1431,
s226369060,p03735,u525288965,1522676922,C++,C++14 (GCC 5.4.1),cpp,Accepted,84.0,6512.0,2266,
s749619706,p03735,u584355711,1522523080,C++,C++14 (GCC 5.4.1),cpp,Accepted,65.0,4096.0,2800,
s993521282,p03735,u450832845,1522376491,C++,C++14 (GCC 5.4.1),cpp,Accepted,205.0,5760.0,1283,
s618598808,p03735,u378469094,1522368749,C++,C++14 (GCC 5.4.1),cpp,Accepted,75.0,4096.0,765,
s968257361,p03735,u669432519,1522195825,C++,C++14 (GCC 5.4.1),cpp,Accepted,62.0,3956.0,1496,
s298159067,p03735,u612341606,1522111450,C++,C++14 (GCC 5.4.1),cpp,Accepted,224.0,28136.0,2534,
s098253336,p03735,u278868910,1521878288,C++,C++14 (GCC 5.4.1),cpp,Accepted,801.0,34688.0,1832,
s250393245,p03735,u372393357,1521817593,C++,C++14 (GCC 5.4.1),cpp,Accepted,30.0,6784.0,1049,
s363809203,p03735,u607811599,1521686587,C++,C++14 (GCC 5.4.1),cpp,Accepted,69.0,2560.0,989,
s521591388,p03735,u579894531,1521576007,C++,C++14 (GCC 5.4.1),cpp,Accepted,29.0,1792.0,1834,
s122279170,p03735,u914464949,1521575457,C++,C++14 (GCC 5.4.1),cpp,Accepted,202.0,15872.0,1332,
s087399738,p03735,u852585808,1521573281,C++,C++14 (GCC 5.4.1),cpp,Accepted,315.0,15872.0,1244,
s465286769,p03735,u691493208,1521001102,C++,C++14 (GCC 5.4.1),cpp,Accepted,78.0,11376.0,1328,
s376968042,p03735,u107292917,1520936642,C++,C++14 (GCC 5.4.1),cpp,Accepted,232.0,11264.0,1586,
s591354181,p03735,u107292917,1520930644,C++,C++14 (GCC 5.4.1),cpp,Accepted,314.0,36980.0,2677,
s839681222,p03735,u133129810,1520808523,C++,C++14 (GCC 5.4.1),cpp,Accepted,161.0,17920.0,2476,
s821119228,p03735,u003873207,1520779714,C++,C++14 (Clang 3.8.0),cpp,Accepted,500.0,18936.0,3254,
s782198982,p03735,u884379688,1520659670,C++,C++14 (GCC 5.4.1),cpp,Accepted,341.0,14828.0,1502,
s049329574,p03735,u817328209,1520590600,C++,C++14 (GCC 5.4.1),cpp,Accepted,76.0,6384.0,892,
s394855683,p03735,u301857916,1520213176,C++,C++14 (GCC 5.4.1),cpp,Accepted,78.0,7168.0,1661,
s527815236,p03735,u116374904,1519919352,C++,C++14 (GCC 5.4.1),cpp,Accepted,668.0,20608.0,875,
s342224720,p03735,u018679195,1519919251,C++,C++14 (GCC 5.4.1),cpp,Accepted,53.0,1664.0,1296,
s433858932,p03735,u863370423,1519918262,C++,C++14 (GCC 5.4.1),cpp,Accepted,55.0,1792.0,1372,
s264004135,p03735,u018679195,1519918153,C++,C++14 (GCC 5.4.1),cpp,Accepted,52.0,1664.0,1487,
s110491108,p03735,u226155577,1519714835,Python,Python (3.4.3),py,Accepted,871.0,33356.0,794,
s147600839,p03735,u648138491,1519327059,C++,C++14 (GCC 5.4.1),cpp,Accepted,81.0,5760.0,1289,
s728221378,p03735,u045939752,1518832754,C++,C++14 (GCC 5.4.1),cpp,Accepted,65.0,9584.0,1834,
s403884024,p03735,u596276291,1518564211,C++,C++14 (GCC 5.4.1),cpp,Accepted,337.0,16748.0,2868,
s375519439,p03735,u596276291,1518561799,C++,C++14 (GCC 5.4.1),cpp,Accepted,327.0,17392.0,2481,
s896265473,p03735,u119460590,1518140892,C++,C++14 (GCC 5.4.1),cpp,Accepted,194.0,3956.0,974,
s510936963,p03735,u119460590,1518138401,C++,C++14 (GCC 5.4.1),cpp,Accepted,327.0,16748.0,2068,
s338637817,p03735,u107077660,1518135988,C++,C++14 (GCC 5.4.1),cpp,Accepted,197.0,4084.0,907,
s992361341,p03735,u682764246,1518035443,C++,C++14 (GCC 5.4.1),cpp,Accepted,248.0,11136.0,1333,
s251602849,p03735,u065125881,1518013928,C++,C++14 (GCC 5.4.1),cpp,Accepted,60.0,3456.0,2707,
s442955939,p03735,u707053380,1517953141,C++,C++14 (GCC 5.4.1),cpp,Accepted,178.0,3328.0,1451,
s619559451,p03735,u526367939,1517531817,C++,C++14 (GCC 5.4.1),cpp,Accepted,231.0,3328.0,978,
s552940457,p03735,u353919145,1517408055,C++,C++14 (GCC 5.4.1),cpp,Accepted,534.0,20608.0,721,
s825865925,p03735,u048251253,1517352485,C++,C++ (GCC 5.4.1),cpp,Accepted,239.0,17772.0,1265,
s658200219,p03735,u957457849,1517173155,C++,C++14 (GCC 5.4.1),cpp,Accepted,58.0,9584.0,1627,
s455163536,p03735,u867922833,1517116960,C++,C++14 (GCC 5.4.1),cpp,Accepted,69.0,4352.0,1377,
s287536894,p03735,u047665508,1517108032,C++,C++14 (GCC 5.4.1),cpp,Accepted,64.0,8064.0,1284,
s199397639,p03735,u867922833,1517060224,C++,C++14 (GCC 5.4.1),cpp,Accepted,61.0,1920.0,1601,
s199186180,p03735,u283229916,1516844519,C++,C++14 (GCC 5.4.1),cpp,Accepted,209.0,13676.0,1165,
s546800316,p03735,u773072209,1516643647,C++,C++14 (GCC 5.4.1),cpp,Accepted,61.0,1792.0,854,
s098208045,p03735,u545022164,1516081412,C++,C++14 (Clang 3.8.0),cpp,Accepted,526.0,15324.0,2420,
s368513765,p03735,u799646302,1515943975,C++,C++14 (GCC 5.4.1),cpp,Accepted,232.0,12800.0,1637,
s153807544,p03735,u843522325,1515883129,C++,C++14 (GCC 5.4.1),cpp,Accepted,227.0,3956.0,1328,
s488549885,p03735,u572468811,1515189800,C++,C++14 (GCC 5.4.1),cpp,Accepted,85.0,6528.0,2885,
s627307935,p03735,u207056619,1515171036,C++,C++14 (GCC 5.4.1),cpp,Accepted,90.0,30672.0,3089,
s986986568,p03735,u012379167,1515104713,C++,C++14 (GCC 5.4.1),cpp,Accepted,45.0,1792.0,728,
s962011212,p03735,u842401785,1514787117,C++,C++14 (GCC 5.4.1),cpp,Accepted,282.0,24192.0,945,
s401929671,p03735,u342535814,1514520403,C++,C++14 (GCC 5.4.1),cpp,Accepted,90.0,5760.0,1071,
s134796372,p03735,u572012381,1514410178,C++,C++14 (GCC 5.4.1),cpp,Accepted,63.0,1792.0,6799,
s796283258,p03735,u013844500,1514216198,C++,C++14 (GCC 5.4.1),cpp,Accepted,40.0,1792.0,1664,
s500015387,p03735,u670220889,1513813755,C++,C++14 (GCC 5.4.1),cpp,Accepted,185.0,3328.0,1614,
s842197325,p03735,u028496463,1513649650,C++,C++14 (GCC 5.4.1),cpp,Accepted,251.0,28020.0,2632,
s492676723,p03735,u026245891,1513184454,C++,C++14 (GCC 5.4.1),cpp,Accepted,550.0,20736.0,791,
s053382891,p03735,u804977105,1513130750,C++,C++14 (GCC 5.4.1),cpp,Accepted,58.0,4864.0,1336,
s512305460,p03735,u496434612,1512866610,C++,C++14 (GCC 5.4.1),cpp,Accepted,101.0,7408.0,1880,
s017574274,p03735,u138339515,1512333150,C++,C++14 (GCC 5.4.1),cpp,Accepted,54.0,3328.0,1243,
s578493877,p03735,u687709061,1512188430,C++,C++14 (GCC 5.4.1),cpp,Accepted,115.0,10752.0,1199,
s184169301,p03735,u841478517,1512141040,C++,C++14 (GCC 5.4.1),cpp,Accepted,62.0,4992.0,1430,
s548136239,p03735,u445305423,1511886519,C++,C++14 (GCC 5.4.1),cpp,Accepted,64.0,1792.0,1114,
s867565972,p03735,u544376658,1511747642,C++,C++14 (GCC 5.4.1),cpp,Accepted,155.0,9472.0,1100,
s716957019,p03735,u417189754,1511733309,C++,C++14 (GCC 5.4.1),cpp,Accepted,253.0,12784.0,1556,
s115578095,p03735,u509674552,1511702991,C++,C++14 (GCC 5.4.1),cpp,Accepted,77.0,5620.0,2006,
s041797807,p03735,u563889699,1511559606,C++,C++14 (GCC 5.4.1),cpp,Accepted,58.0,4992.0,1650,
s633717304,p03735,u742115830,1511558924,C++,C++14 (GCC 5.4.1),cpp,Accepted,89.0,4224.0,1138,
s804769326,p03735,u812155455,1511389666,C++,C++14 (GCC 5.4.1),cpp,Accepted,47.0,1792.0,811,
s629417142,p03735,u692336506,1511387625,C++,C++14 (Clang 3.8.0),cpp,Accepted,516.0,37112.0,3900,
s516110898,p03735,u582628622,1511322742,C++,C++ (GCC 5.4.1),cpp,Accepted,60.0,2560.0,1481,
s022165971,p03735,u344847287,1511241639,C++,C++14 (GCC 5.4.1),cpp,Accepted,60.0,1792.0,1614,
s385332968,p03735,u267517029,1510937120,C++,C++14 (GCC 5.4.1),cpp,Accepted,63.0,3456.0,1295,
s352967406,p03735,u351372349,1510872446,C++,C++14 (GCC 5.4.1),cpp,Accepted,52.0,1792.0,3629,
s936573710,p03735,u729132437,1510642703,C++,C++14 (GCC 5.4.1),cpp,Accepted,84.0,4352.0,769,
s553581859,p03735,u914895483,1510612810,C++,C++14 (GCC 5.4.1),cpp,Accepted,72.0,4992.0,875,
s642867316,p03735,u456611841,1510541336,C++,C++14 (GCC 5.4.1),cpp,Accepted,183.0,9584.0,1505,
s450725409,p03735,u468700753,1510434046,C++,C++14 (GCC 5.4.1),cpp,Accepted,60.0,3456.0,1458,
s755186708,p03735,u093922224,1510368083,C++,C++14 (Clang 3.8.0),cpp,Accepted,467.0,2560.0,1583,
s434398397,p03735,u710399266,1510329295,C++,C++14 (GCC 5.4.1),cpp,Accepted,303.0,34560.0,2173,
s262911165,p03735,u959443493,1510269710,C++,C++14 (GCC 5.4.1),cpp,Accepted,302.0,12032.0,1315,
s031383253,p03735,u097736549,1510167980,C++,C++14 (GCC 5.4.1),cpp,Accepted,84.0,4992.0,1083,
s169179496,p03735,u887001705,1509715929,C++,C++14 (GCC 5.4.1),cpp,Accepted,127.0,5760.0,1442,
s932997163,p03735,u719378199,1509548614,C++,C++14 (GCC 5.4.1),cpp,Accepted,105.0,12416.0,1199,
s002819657,p03735,u150505183,1509481380,C++,C++14 (GCC 5.4.1),cpp,Accepted,55.0,1792.0,1607,
s751151191,p03735,u079330987,1509414258,C++,C++14 (GCC 5.4.1),cpp,Accepted,30.0,1920.0,4070,
s255981429,p03735,u744755176,1509394014,C++,C++14 (GCC 5.4.1),cpp,Accepted,69.0,13568.0,1235,
s977482838,p03735,u016572066,1509332703,C++,C++14 (GCC 5.4.1),cpp,Accepted,65.0,9600.0,1602,
s765006255,p03735,u384645789,1509321438,C++,C++14 (GCC 5.4.1),cpp,Accepted,62.0,3956.0,1194,
s782285952,p03735,u816631826,1509249607,C++,C++14 (GCC 5.4.1),cpp,Accepted,131.0,10732.0,1877,
s572332340,p03735,u899515616,1509226245,C++,C++14 (GCC 5.4.1),cpp,Accepted,62.0,3956.0,996,
s177556478,p03735,u197797239,1509156267,C++,C++14 (GCC 5.4.1),cpp,Accepted,211.0,27648.0,1185,
s005303926,p03735,u321141651,1508888157,C++,C++14 (GCC 5.4.1),cpp,Accepted,119.0,10496.0,1353,
s955271142,p03735,u495269935,1508878409,C++,C++14 (GCC 5.4.1),cpp,Accepted,82.0,5360.0,975,
s224011934,p03735,u833244445,1508790416,C++,C++14 (GCC 5.4.1),cpp,Accepted,53.0,1792.0,1891,
s962894661,p03735,u704625420,1508602001,C++,C++14 (GCC 5.4.1),cpp,Accepted,67.0,9712.0,2928,
s264534925,p03735,u868917032,1508544524,C++,C++14 (GCC 5.4.1),cpp,Accepted,92.0,4096.0,756,
s010171951,p03735,u367209378,1508468235,C++,C++14 (GCC 5.4.1),cpp,Accepted,562.0,20608.0,753,
s932375210,p03735,u365730061,1508371946,C++,C++14 (GCC 5.4.1),cpp,Accepted,84.0,5760.0,1157,
s752109262,p03735,u255228814,1508264124,C++,C++14 (GCC 5.4.1),cpp,Accepted,71.0,3456.0,1565,
s394871546,p03735,u674342364,1508255101,C++,C++14 (GCC 5.4.1),cpp,Accepted,70.0,2560.0,664,
s049038941,p03735,u824191773,1507931198,C++,C++14 (GCC 5.4.1),cpp,Accepted,51.0,1792.0,2370,
s289421583,p03735,u070528238,1507928238,C++,C++14 (GCC 5.4.1),cpp,Accepted,227.0,4992.0,1362,
s085843176,p03735,u614707198,1507845032,C++,C++14 (GCC 5.4.1),cpp,Accepted,59.0,9600.0,1121,
s953028260,p03735,u602850810,1507828544,C++,C++14 (GCC 5.4.1),cpp,Accepted,282.0,15872.0,1045,
s011671107,p03735,u602850810,1507828057,C++,C++14 (GCC 5.4.1),cpp,Accepted,274.0,15872.0,1045,
s680685092,p03735,u767993375,1507818288,C++,C++14 (GCC 5.4.1),cpp,Accepted,76.0,16640.0,2550,
s118392528,p03735,u670354474,1507781712,C++,C++14 (GCC 5.4.1),cpp,Accepted,57.0,1664.0,1255,
s334751904,p03735,u151956314,1507758451,C++,C++14 (GCC 5.4.1),cpp,Accepted,51.0,3328.0,1131,
s926841160,p03735,u707449608,1507757812,C++,C++14 (GCC 5.4.1),cpp,Accepted,164.0,15616.0,1137,
s531863583,p03735,u793168726,1507740567,C++,C++14 (GCC 5.4.1),cpp,Accepted,123.0,8832.0,1239,
s197206825,p03735,u027781635,1507647358,C++,C++14 (GCC 5.4.1),cpp,Accepted,58.0,8304.0,3921,
s322308303,p03735,u591343832,1507596655,C++,C++14 (GCC 5.4.1),cpp,Accepted,57.0,9712.0,5637,
s869707444,p03735,u591343832,1507596480,C++,C++14 (GCC 5.4.1),cpp,Accepted,69.0,11720.0,5763,
s733663900,p03735,u122943726,1507584091,C++,C++14 (GCC 5.4.1),cpp,Accepted,112.0,9324.0,933,
s748075409,p03735,u621109093,1507497031,C++,C++14 (GCC 5.4.1),cpp,Accepted,142.0,10752.0,1282,
s401904444,p03735,u309043628,1507396108,C++,C++14 (GCC 5.4.1),cpp,Accepted,71.0,2688.0,663,
s713895857,p03735,u877679608,1507262430,C++,C++14 (GCC 5.4.1),cpp,Accepted,51.0,1792.0,1129,
s351077913,p03735,u265073302,1507134027,C++,C++14 (GCC 5.4.1),cpp,Accepted,57.0,3328.0,1446,
s486959707,p03735,u053327001,1507080686,C++,C++14 (GCC 5.4.1),cpp,Accepted,604.0,65920.0,775,
s402705030,p03735,u249726977,1506795217,C++,C++14 (GCC 5.4.1),cpp,Accepted,82.0,7168.0,912,
s890797720,p03735,u457721459,1506651058,C++,C++14 (GCC 5.4.1),cpp,Accepted,53.0,1792.0,1428,
s281193647,p03735,u254993344,1506567531,C++,C++14 (GCC 5.4.1),cpp,Accepted,78.0,4348.0,1291,
s407665776,p03735,u116737420,1506565048,C++,C++14 (GCC 5.4.1),cpp,Accepted,77.0,4096.0,1284,
s102969216,p03735,u568200549,1506562455,C++,C++14 (GCC 5.4.1),cpp,Accepted,594.0,40576.0,1360,
s955831737,p03735,u683985668,1506477867,C++,C++14 (GCC 5.4.1),cpp,Accepted,85.0,4096.0,1028,
s086587093,p03735,u719994093,1506396273,C++,C++14 (GCC 5.4.1),cpp,Accepted,50.0,1792.0,1185,
s306641524,p03735,u690087026,1506387477,C++,C++14 (GCC 5.4.1),cpp,Accepted,61.0,1792.0,821,
s727558357,p03735,u344627992,1506385578,C++,C++14 (GCC 5.4.1),cpp,Accepted,69.0,2560.0,1654,
s708061286,p03735,u177252207,1506227290,C++,C++14 (GCC 5.4.1),cpp,Accepted,67.0,4480.0,1453,
s953748011,p03735,u924885571,1505683863,C++,C++14 (GCC 5.4.1),cpp,Accepted,202.0,8432.0,1077,
s987658503,p03735,u555577504,1505456516,C++,C++14 (GCC 5.4.1),cpp,Accepted,199.0,6512.0,856,
s225714933,p03735,u764058295,1504519670,C++,C++14 (GCC 5.4.1),cpp,Accepted,223.0,26112.0,6298,
s441351692,p03735,u533606242,1504090231,C++,C++14 (GCC 5.4.1),cpp,Accepted,254.0,12020.0,2143,
s805678110,p03735,u752161277,1503959235,C++,C++14 (GCC 5.4.1),cpp,Accepted,305.0,10720.0,1204,
s694255989,p03735,u140621697,1503864917,C++,C++14 (GCC 5.4.1),cpp,Accepted,61.0,3456.0,726,
s590444308,p03735,u852158538,1503864752,C++,C++14 (GCC 5.4.1),cpp,Accepted,181.0,3328.0,1148,
s410355335,p03735,u316930130,1503861079,C++,C++14 (GCC 5.4.1),cpp,Accepted,280.0,21228.0,3255,
s746393879,p03735,u309470177,1503541133,C++,C++14 (GCC 5.4.1),cpp,Accepted,178.0,9588.0,1695,
s058304427,p03735,u984730891,1503431783,C++,C++14 (GCC 5.4.1),cpp,Accepted,151.0,15852.0,2333,
s799262634,p03735,u673823726,1503431109,C++,C++14 (GCC 5.4.1),cpp,Accepted,82.0,9600.0,4704,
s507336699,p03735,u821802586,1503131146,C++,C++14 (GCC 5.4.1),cpp,Accepted,46.0,3456.0,6515,
s946530987,p03735,u821802586,1503130455,C++,C++14 (GCC 5.4.1),cpp,Accepted,47.0,3456.0,6921,
s321811873,p03735,u821802586,1503129354,C++,C++14 (GCC 5.4.1),cpp,Accepted,48.0,3456.0,6917,
s795717888,p03735,u834771741,1502847462,C++,C++14 (GCC 5.4.1),cpp,Accepted,178.0,3328.0,1303,
s785616106,p03735,u603486542,1501985713,C++,C++14 (GCC 5.4.1),cpp,Accepted,60.0,1664.0,1044,
s574401428,p03735,u715604545,1501856550,C++,C++14 (GCC 5.4.1),cpp,Accepted,476.0,24256.0,1259,
s879022331,p03735,u138919616,1501582809,C++,C++14 (GCC 5.4.1),cpp,Accepted,232.0,11136.0,1617,
s568056287,p03735,u603486542,1501472300,C++,C++14 (GCC 5.4.1),cpp,Accepted,61.0,1792.0,1038,
s198673464,p03735,u603486542,1501472100,C++,C++14 (GCC 5.4.1),cpp,Accepted,61.0,1792.0,1601,
s569323709,p03735,u476468228,1501449848,C++,C++14 (GCC 5.4.1),cpp,Accepted,310.0,14336.0,1236,
s996461750,p03735,u526532903,1501425198,C++,C++14 (GCC 5.4.1),cpp,Accepted,178.0,3328.0,1062,
s533706368,p03735,u013750540,1501218022,C++,C++14 (GCC 5.4.1),cpp,Accepted,193.0,9812.0,3105,
s715558466,p03735,u205655980,1501096201,C++,C++14 (GCC 5.4.1),cpp,Accepted,88.0,12396.0,1490,
s738687004,p03735,u539120387,1500779152,C++,C++14 (GCC 5.4.1),cpp,Accepted,61.0,9472.0,931,
s215827711,p03735,u277971517,1500704132,C++,C++14 (GCC 5.4.1),cpp,Accepted,60.0,3456.0,2067,
s575484734,p03735,u277971517,1500704041,C++,C++14 (GCC 5.4.1),cpp,Accepted,188.0,3328.0,2018,
s128752263,p03735,u459746049,1500491486,C++,C++14 (GCC 5.4.1),cpp,Accepted,91.0,13676.0,2604,
s446074178,p03735,u558671021,1500416500,C++,C++14 (GCC 5.4.1),cpp,Accepted,1419.0,79340.0,2810,
s798230148,p03735,u920254817,1499895475,C++,C++14 (GCC 5.4.1),cpp,Accepted,190.0,9584.0,2048,
s847877489,p03735,u920254817,1499895339,C++,C++14 (GCC 5.4.1),cpp,Accepted,181.0,9584.0,2035,
s616563565,p03735,u870307668,1498680019,C++,C++14 (GCC 5.4.1),cpp,Accepted,62.0,6528.0,2617,
s769235420,p03735,u279598991,1498607948,C++,C++14 (GCC 5.4.1),cpp,Accepted,672.0,20608.0,993,
s876190400,p03735,u226814348,1498457498,C++,C++14 (GCC 5.4.1),cpp,Accepted,62.0,1792.0,1602,
s574863223,p03735,u016612263,1498340945,C++,C++14 (Clang 3.8.0),cpp,Accepted,569.0,28416.0,1333,
s887657905,p03735,u016612263,1498340896,C++,C++14 (GCC 5.4.1),cpp,Accepted,668.0,28416.0,1333,
s607304520,p03735,u016612263,1498340896,C++,C++14 (GCC 5.4.1),cpp,Accepted,638.0,30464.0,1333,
s498378875,p03735,u016612263,1498340896,C++,C++14 (GCC 5.4.1),cpp,Accepted,629.0,28416.0,1333,
s219468386,p03735,u016612263,1498340895,C++,C++14 (GCC 5.4.1),cpp,Accepted,599.0,28416.0,1333,
s936850711,p03735,u038972376,1498266769,C++,C++14 (GCC 5.4.1),cpp,Accepted,103.0,11136.0,1541,
s996795840,p03735,u561875696,1498245696,C++,C++14 (GCC 5.4.1),cpp,Accepted,89.0,10368.0,2295,
s699085729,p03735,u804419743,1498230030,C++,C++14 (GCC 5.4.1),cpp,Accepted,67.0,3328.0,667,
s197552525,p03735,u831929072,1498226498,C++,C++14 (GCC 5.4.1),cpp,Accepted,237.0,11136.0,1088,
s855550304,p03735,u201165602,1498073432,C++,C++14 (Clang 3.8.0),cpp,Accepted,470.0,3328.0,1212,
s566256501,p03735,u910288980,1497985525,C++,C++14 (GCC 5.4.1),cpp,Accepted,386.0,20992.0,2228,
s055707911,p03735,u704411633,1497844666,C++,C++14 (GCC 5.4.1),cpp,Accepted,198.0,3328.0,1037,
s362402763,p03735,u105791541,1497734127,C++,C++14 (GCC 5.4.1),cpp,Accepted,138.0,12928.0,1421,
s750211069,p03735,u220248120,1497698021,Python,Python (2.7.6),py,Accepted,1380.0,38060.0,1370,
s302417640,p03735,u220248120,1497697861,Python,Python (2.7.6),py,Accepted,1481.0,39724.0,1353,
s585227415,p03735,u113982187,1497329272,C++,C++14 (GCC 5.4.1),cpp,Accepted,526.0,23424.0,852,
s181060860,p03735,u462349313,1497226553,C++,C++14 (GCC 5.4.1),cpp,Accepted,87.0,7536.0,2294,
s303745679,p03735,u011128558,1497109754,C++,C++14 (GCC 5.4.1),cpp,Accepted,52.0,7936.0,1494,
s152212476,p03735,u033407970,1497069514,Python,Python (3.4.3),py,Accepted,1277.0,48184.0,1219,
s446908878,p03735,u183203023,1496760122,C++,C++14 (GCC 5.4.1),cpp,Accepted,205.0,15872.0,1371,
s084433237,p03735,u239717955,1496634036,C++,C++14 (GCC 5.4.1),cpp,Accepted,512.0,27108.0,2553,
s996220616,p03735,u013671577,1496629745,C++,C++14 (GCC 5.4.1),cpp,Accepted,182.0,3328.0,1940,
s328966589,p03735,u418377544,1496618104,C++,C++14 (GCC 5.4.1),cpp,Accepted,63.0,6400.0,1200,
s044571391,p03735,u715947819,1496348780,C++,C++14 (GCC 5.4.1),cpp,Accepted,60.0,1792.0,1161,
s556570562,p03735,u856819982,1496271083,C++,C++14 (GCC 5.4.1),cpp,Accepted,52.0,3328.0,979,
s506260072,p03735,u014125471,1496268004,C++,C++14 (GCC 5.4.1),cpp,Accepted,71.0,4096.0,1022,
s805446318,p03735,u706358472,1496267208,C++,C++14 (GCC 5.4.1),cpp,Accepted,55.0,4480.0,2426,
s066405761,p03735,u774588203,1496264564,C++,C++14 (GCC 5.4.1),cpp,Accepted,46.0,1792.0,1031,
s333335530,p03735,u480392922,1495595898,C++,C++14 (GCC 5.4.1),cpp,Accepted,52.0,9600.0,3212,
s640459921,p03735,u763301459,1495467318,C++,C++14 (GCC 5.4.1),cpp,Accepted,176.0,3328.0,942,
s810749529,p03735,u602447032,1495451607,C++,C++14 (GCC 5.4.1),cpp,Accepted,180.0,10608.0,2954,
s125493817,p03735,u040109969,1495386589,C++,C++14 (GCC 5.4.1),cpp,Accepted,137.0,11264.0,1395,
s929303133,p03735,u031742054,1495128315,C++,C++14 (GCC 5.4.1),cpp,Accepted,77.0,10496.0,817,
s937348769,p03735,u327466606,1494870986,Python,Python (3.4.3),py,Accepted,1136.0,30956.0,514,
s916970074,p03735,u333877810,1494838897,C++,C++14 (GCC 5.4.1),cpp,Accepted,61.0,1792.0,942,
s663612956,p03735,u333877810,1494819715,C++,C++14 (GCC 5.4.1),cpp,Accepted,204.0,22772.0,2201,
s974388845,p03735,u074059053,1494811396,C++,C++14 (GCC 5.4.1),cpp,Accepted,183.0,11264.0,1148,
s796043387,p03735,u668711082,1494786352,C++,C++14 (GCC 5.4.1),cpp,Accepted,660.0,23148.0,2852,
s410800814,p03735,u668711082,1494786111,C++,C++14 (GCC 5.4.1),cpp,Accepted,738.0,23020.0,2935,
s034985677,p03735,u454658584,1494778625,C++,C++14 (GCC 5.4.1),cpp,Accepted,507.0,20608.0,927,
s368180006,p03735,u100442156,1494746347,C++,C++14 (GCC 5.4.1),cpp,Accepted,182.0,3328.0,876,
s675528975,p03735,u723297297,1494703808,C++,C++14 (GCC 5.4.1),cpp,Accepted,180.0,8432.0,1235,
s950556844,p03735,u368256474,1494593236,C++,C++14 (GCC 5.4.1),cpp,Accepted,241.0,28632.0,2387,
s162413782,p03735,u640209154,1494522508,C++,C++14 (GCC 5.4.1),cpp,Accepted,107.0,8192.0,1729,
s423701949,p03735,u494539131,1494519262,C++,C++14 (GCC 5.4.1),cpp,Accepted,66.0,4992.0,1699,
s737768069,p03735,u978960267,1494462952,C++,C++14 (GCC 5.4.1),cpp,Accepted,69.0,2560.0,1411,
s415310138,p03735,u468273690,1494398078,C++,C++14 (GCC 5.4.1),cpp,Accepted,431.0,20592.0,2104,
s519719021,p03735,u309335075,1494306062,C++,C++14 (GCC 5.4.1),cpp,Accepted,189.0,9584.0,2409,
s496090027,p03735,u089230684,1494264392,C++,C++14 (GCC 5.4.1),cpp,Accepted,78.0,10624.0,771,
s883320975,p03735,u046819117,1494264355,C++,C++14 (GCC 5.4.1),cpp,Accepted,77.0,10624.0,771,
s057437788,p03735,u977652465,1494227886,C++,C++14 (GCC 5.4.1),cpp,Accepted,215.0,10368.0,1834,
s199431596,p03735,u860729283,1494171038,C++,C++14 (GCC 5.4.1),cpp,Accepted,264.0,12784.0,1202,
s686304978,p03735,u243723098,1494108207,C++,C++14 (GCC 5.4.1),cpp,Accepted,63.0,3328.0,1051,
s103810691,p03735,u860729283,1494084816,C++,C++14 (GCC 5.4.1),cpp,Accepted,557.0,22272.0,2187,
s766106782,p03735,u265154918,1494029515,C++,C++14 (GCC 5.4.1),cpp,Accepted,79.0,4988.0,2038,
s874638559,p03735,u394963944,1493996180,C++,C++14 (GCC 5.4.1),cpp,Accepted,69.0,8320.0,1232,
s584980765,p03735,u268210555,1493985349,Python,PyPy3 (2.4.0),py,Accepted,1859.0,102040.0,304,
s859015945,p03735,u268210555,1493959839,Python,PyPy3 (2.4.0),py,Accepted,1862.0,102416.0,274,
s053975917,p03735,u089230684,1493955591,C++,C++14 (GCC 5.4.1),cpp,Accepted,684.0,22144.0,753,
s237792677,p03735,u809959248,1493955437,C++,C++14 (GCC 5.4.1),cpp,Accepted,708.0,21104.0,1236,
s445275110,p03735,u268210555,1493954190,Python,PyPy3 (2.4.0),py,Accepted,1857.0,102360.0,246,
s928692867,p03735,u363051945,1493946866,C++,C++14 (GCC 5.4.1),cpp,Accepted,61.0,1792.0,1586,
s797330393,p03735,u418377544,1493946765,C++,C++14 (GCC 5.4.1),cpp,Accepted,62.0,3328.0,1092,
s406316146,p03735,u363051945,1493946231,C++,C++14 (GCC 5.4.1),cpp,Accepted,178.0,1792.0,1448,
s914136157,p03735,u089230684,1493923780,C++,C++14 (GCC 5.4.1),cpp,Accepted,462.0,19948.0,1249,
s432571081,p03735,u089230684,1493917784,C++,C++14 (GCC 5.4.1),cpp,Accepted,84.0,5760.0,1816,
s031832584,p03735,u694433776,1493900288,C++,C++14 (GCC 5.4.1),cpp,Accepted,429.0,13920.0,2623,
s412671273,p03735,u484471143,1493864954,C++,C++14 (GCC 5.4.1),cpp,Accepted,61.0,1792.0,665,
s793223188,p03735,u166538981,1493860729,C++,C++14 (GCC 5.4.1),cpp,Accepted,61.0,1792.0,1611,
s119060337,p03735,u953484888,1493856878,C++,C++14 (GCC 5.4.1),cpp,Accepted,202.0,9584.0,1797,
s354211478,p03735,u902500155,1493851377,Python,Python (3.4.3),py,Accepted,1287.0,57128.0,860,
s342160502,p03735,u089230684,1493847015,C++,C++14 (GCC 5.4.1),cpp,Accepted,62.0,4352.0,1111,
s337706892,p03735,u990915776,1493846979,C++,C++14 (GCC 5.4.1),cpp,Accepted,61.0,4352.0,1111,
s102136525,p03735,u700303800,1493840733,C++,C++14 (GCC 5.4.1),cpp,Accepted,188.0,11504.0,1303,
s021783455,p03735,u089230684,1493839034,C++,C++14 (GCC 5.4.1),cpp,Accepted,69.0,4992.0,1236,
s115168704,p03735,u089230684,1493838685,C++,C++14 (GCC 5.4.1),cpp,Accepted,237.0,1792.0,936,
s514330327,p03735,u139147798,1493806269,C++,C++14 (GCC 5.4.1),cpp,Accepted,28.0,3328.0,4338,
s539653314,p03735,u735312600,1493798046,C++,C++14 (GCC 5.4.1),cpp,Accepted,322.0,29164.0,1775,
s464208724,p03735,u089230684,1493786439,C++,C++14 (GCC 5.4.1),cpp,Accepted,185.0,3328.0,905,
s709537428,p03735,u272028993,1493783574,Python,PyPy2 (5.6.0),py,Accepted,854.0,54172.0,1196,
s609696540,p03735,u197964611,1493781754,C++,C++14 (GCC 5.4.1),cpp,Accepted,549.0,26880.0,1774,
s347361389,p03735,u281742447,1493781727,C++,C++14 (GCC 5.4.1),cpp,Accepted,257.0,13952.0,1440,
s247629933,p03735,u281742447,1493780496,C++,C++14 (GCC 5.4.1),cpp,Accepted,69.0,2560.0,1412,
s264843137,p03735,u157085392,1493778986,C++,C++14 (GCC 5.4.1),cpp,Accepted,271.0,20608.0,2185,
s791593355,p03735,u315897868,1493775494,C++,C++14 (GCC 5.4.1),cpp,Accepted,738.0,39280.0,1587,
s711237659,p03735,u112723190,1493775410,C++,C++14 (GCC 5.4.1),cpp,Accepted,58.0,1920.0,1818,
s579424154,p03735,u434747175,1493764115,C++,C++14 (GCC 5.4.1),cpp,Accepted,182.0,10476.0,2113,
s826575685,p03735,u950925609,1493759898,C++,C++14 (GCC 5.4.1),cpp,Accepted,62.0,3328.0,887,
s872592745,p03735,u950925609,1493759685,C++,C++14 (GCC 5.4.1),cpp,Accepted,61.0,3456.0,922,
s552970760,p03735,u950925609,1493758988,C++,C++14 (GCC 5.4.1),cpp,Accepted,61.0,3328.0,931,
s208476978,p03735,u624800360,1493750286,C++,C++14 (GCC 5.4.1),cpp,Accepted,183.0,3964.0,2655,
s142532932,p03735,u123025781,1493744486,C++,C++14 (GCC 5.4.1),cpp,Accepted,61.0,1792.0,1044,
s826914904,p03735,u191405946,1493742738,C++,C++14 (GCC 5.4.1),cpp,Accepted,72.0,2688.0,1143,
s913249011,p03735,u412270772,1493738948,C++,C++14 (GCC 5.4.1),cpp,Accepted,63.0,1664.0,765,
s664189519,p03735,u412270772,1493738861,C++,C++14 (GCC 5.4.1),cpp,Accepted,65.0,1664.0,725,
s946475065,p03735,u750436322,1493738765,C++,C++14 (GCC 5.4.1),cpp,Accepted,405.0,40904.0,3539,
s306808129,p03735,u744779253,1493710209,C++,C++14 (GCC 5.4.1),cpp,Accepted,90.0,9856.0,1858,
s872394140,p03735,u903567675,1493706244,C++,C++14 (GCC 5.4.1),cpp,Accepted,173.0,3440.0,2166,
s048087227,p03735,u496004050,1493698176,C++,C++14 (GCC 5.4.1),cpp,Accepted,52.0,1664.0,764,
s321759774,p03735,u557791172,1493696389,Python,Python (2.7.6),py,Accepted,1481.0,104552.0,799,
s012603075,p03735,u463152827,1493695655,C++,C++14 (GCC 5.4.1),cpp,Accepted,508.0,20736.0,796,
s533794451,p03735,u109105878,1493695100,C++,C++14 (GCC 5.4.1),cpp,Accepted,189.0,6528.0,950,
s051376386,p03735,u162364634,1493694475,C++,C++14 (GCC 5.4.1),cpp,Accepted,181.0,6384.0,1171,
s331952951,p03735,u445167028,1493689473,C++,C++14 (GCC 5.4.1),cpp,Accepted,594.0,22656.0,993,
s092004673,p03735,u475950249,1493686939,C++,C++14 (GCC 5.4.1),cpp,Accepted,670.0,22144.0,827,
s663334139,p03735,u209551477,1493686809,C++,C++14 (GCC 5.4.1),cpp,Accepted,287.0,12784.0,1274,
s379854296,p03735,u986399983,1493686190,C++,C++14 (GCC 5.4.1),cpp,Accepted,776.0,31952.0,1623,
s835607131,p03735,u744314647,1493678018,C++,C++14 (GCC 5.4.1),cpp,Accepted,526.0,20608.0,1656,
s491404792,p03735,u135773862,1493673032,C++,C++14 (GCC 5.4.1),cpp,Accepted,148.0,14336.0,5470,
s289031042,p03735,u021294378,1493668444,C++,C++14 (GCC 5.4.1),cpp,Accepted,61.0,1792.0,1334,
s728918751,p03735,u940850666,1493663536,C++,C++14 (GCC 5.4.1),cpp,Accepted,61.0,1664.0,1082,
s767157390,p03735,u332385682,1493657440,Python,Python (3.4.3),py,Accepted,657.0,33904.0,1385,
s372844933,p03735,u332385682,1493655658,Python,Python (3.4.3),py,Accepted,794.0,33904.0,1133,
s597653973,p03735,u332385682,1493655363,Python,Python (3.4.3),py,Accepted,773.0,33948.0,1079,
s352940427,p03735,u302149106,1493653296,C++,C++14 (GCC 5.4.1),cpp,Accepted,241.0,12800.0,1071,
s570944800,p03735,u788341294,1493646677,C++,C++14 (GCC 5.4.1),cpp,Accepted,63.0,9456.0,1620,
s840447732,p03735,u332385682,1493646141,Python,Python (3.4.3),py,Accepted,760.0,33896.0,1032,
s861404084,p03735,u475900614,1493617052,C++,C++14 (GCC 5.4.1),cpp,Accepted,76.0,5760.0,2034,
s123644685,p03735,u981966125,1493612805,C++,C++14 (GCC 5.4.1),cpp,Accepted,62.0,3456.0,1366,
s814268582,p03735,u981966125,1493612520,C++,C++14 (GCC 5.4.1),cpp,Accepted,62.0,3328.0,1366,
s313701977,p03735,u193441181,1493611971,C++,C++14 (GCC 5.4.1),cpp,Accepted,595.0,24192.0,758,
s047391299,p03735,u193441181,1493611628,C++,C++14 (GCC 5.4.1),cpp,Accepted,592.0,24192.0,779,
s673906635,p03735,u934019430,1493608565,C++,C++14 (Clang 3.8.0),cpp,Accepted,68.0,8696.0,1434,
s388035475,p03735,u261965335,1493601797,C++,C++14 (GCC 5.4.1),cpp,Accepted,192.0,6512.0,1893,
s491552309,p03735,u981966125,1493601744,C++,C++14 (GCC 5.4.1),cpp,Accepted,62.0,3456.0,1372,
s571971552,p03735,u981966125,1493601688,C++,C++14 (GCC 5.4.1),cpp,Accepted,63.0,3328.0,1548,
s714608795,p03735,u657913472,1493594078,C++,C++14 (GCC 5.4.1),cpp,Accepted,235.0,4352.0,422,
s857541763,p03735,u475950249,1493590990,C++,C++14 (GCC 5.4.1),cpp,Accepted,554.0,24192.0,753,
s366236993,p03735,u412820911,1493583874,C++,C++14 (GCC 5.4.1),cpp,Accepted,267.0,15872.0,2434,
s621754669,p03735,u218169014,1493583317,C++,C++14 (GCC 5.4.1),cpp,Accepted,97.0,13664.0,2258,
s222555701,p03735,u613658617,1493582250,C++,C++14 (GCC 5.4.1),cpp,Accepted,180.0,15872.0,2703,
s263500444,p03735,u798181098,1493582207,C++,C++14 (GCC 5.4.1),cpp,Accepted,75.0,9584.0,1434,
s783430672,p03735,u141378465,1493579456,C++,C++14 (GCC 5.4.1),cpp,Accepted,145.0,64244.0,2992,
s659925297,p03735,u785421275,1493575742,C++,C++14 (GCC 5.4.1),cpp,Accepted,82.0,5760.0,2277,
s869249222,p03735,u261886891,1493574401,C++,C++14 (GCC 5.4.1),cpp,Accepted,248.0,15872.0,1249,
s439855811,p03735,u373494487,1493568685,C++,C++14 (GCC 5.4.1),cpp,Accepted,131.0,15872.0,1447,
s044435948,p03735,u879016462,1493568583,C++,C++14 (GCC 5.4.1),cpp,Accepted,246.0,16876.0,1705,
s598008970,p03735,u251104445,1493567439,C++,C++14 (GCC 5.4.1),cpp,Accepted,114.0,14336.0,993,
s608758989,p03735,u976162616,1493566668,C++,C++14 (GCC 5.4.1),cpp,Accepted,744.0,26752.0,2611,
s716001526,p03735,u039623862,1493563102,Python,Python (3.4.3),py,Accepted,1193.0,30940.0,721,
s994861464,p03735,u762921614,1493562899,C++,C++14 (GCC 5.4.1),cpp,Accepted,130.0,13808.0,2221,
s819937398,p03735,u039623862,1493562789,Python,Python (3.4.3),py,Accepted,1215.0,30940.0,761,
s892534823,p03735,u039623862,1493562105,Python,Python (3.4.3),py,Accepted,1241.0,32136.0,791,
s744472165,p03735,u266485840,1493560940,C++,C++14 (GCC 5.4.1),cpp,Accepted,84.0,4096.0,1721,
s202548707,p03735,u657011188,1493558005,C++,C++14 (GCC 5.4.1),cpp,Accepted,282.0,19692.0,2065,
s843584160,p03735,u603164373,1493553848,C++,C++14 (GCC 5.4.1),cpp,Accepted,127.0,12800.0,2547,
s523741845,p03735,u495913622,1493538083,C++,C++14 (GCC 5.4.1),cpp,Accepted,89.0,5760.0,1761,
s707004226,p03735,u024612773,1493537606,C++,C++14 (GCC 5.4.1),cpp,Accepted,297.0,24040.0,2519,
s027667183,p03735,u657913472,1493532142,C++,C++14 (GCC 5.4.1),cpp,Accepted,233.0,4352.0,425,
s934253892,p03735,u657913472,1493531866,C++,C++14 (GCC 5.4.1),cpp,Accepted,236.0,4352.0,425,
s780585426,p03735,u048472648,1493531794,C++,C++14 (GCC 5.4.1),cpp,Accepted,678.0,22144.0,761,
s809346685,p03735,u815524843,1493531510,C++,C++14 (GCC 5.4.1),cpp,Accepted,513.0,24192.0,783,
s234132325,p03735,u553623615,1493531063,C++,C++14 (GCC 5.4.1),cpp,Accepted,59.0,3456.0,922,
s962419951,p03735,u879016462,1493530250,C++,C++14 (GCC 5.4.1),cpp,Accepted,69.0,9584.0,1887,
s861077563,p03735,u864550097,1493530248,C++,C++14 (GCC 5.4.1),cpp,Accepted,644.0,22144.0,1169,
s515808461,p03735,u657913472,1493530076,C++,C++14 (GCC 5.4.1),cpp,Accepted,231.0,4352.0,803,
s096652113,p03735,u879016462,1493530066,C++,C++14 (GCC 5.4.1),cpp,Accepted,120.0,16876.0,1891,
s683128651,p03735,u568652083,1493529882,C++,C++14 (GCC 5.4.1),cpp,Accepted,215.0,6512.0,2151,
s847573628,p03735,u104282757,1493529792,Python,Python (3.4.3),py,Accepted,984.0,36496.0,595,
s387197684,p03735,u864550097,1493529762,C++,C++14 (GCC 5.4.1),cpp,Accepted,661.0,24192.0,1332,
s082352328,p03735,u568652083,1493529079,C++,C++14 (GCC 5.4.1),cpp,Accepted,220.0,12396.0,2216,
s897700904,p03735,u848983424,1493529061,C++,C++14 (GCC 5.4.1),cpp,Accepted,89.0,12644.0,1440,
s354862751,p03735,u610441939,1493528689,C++,C++14 (GCC 5.4.1),cpp,Accepted,190.0,9584.0,2504,
s769044885,p03735,u879016462,1493528283,C++,C++14 (GCC 5.4.1),cpp,Accepted,199.0,16876.0,1690,
s030298499,p03735,u935586669,1493527753,C++,C++14 (Clang 3.8.0),cpp,Accepted,459.0,3328.0,1880,
s514818966,p03735,u474333224,1493527743,C++,C++14 (GCC 5.4.1),cpp,Accepted,472.0,23424.0,1715,
s233039681,p03735,u524343822,1493526614,C++,C++14 (GCC 5.4.1),cpp,Accepted,180.0,9584.0,1056,
s509713188,p03735,u524343822,1493526545,C++,C++14 (GCC 5.4.1),cpp,Accepted,183.0,9584.0,1130,
s980956389,p03735,u333917945,1493525534,C++,C++14 (GCC 5.4.1),cpp,Accepted,203.0,8432.0,1280,
s844786794,p03735,u827494676,1493525497,C++,C++14 (GCC 5.4.1),cpp,Accepted,124.0,11264.0,3593,
s765336058,p03735,u553623615,1493523621,C++,C++14 (GCC 5.4.1),cpp,Accepted,66.0,9584.0,1000,
s141581753,p03735,u687214625,1493523433,C++,C++14 (GCC 5.4.1),cpp,Accepted,183.0,9584.0,1026,
s432901380,p03735,u521272340,1493523104,C++,C++14 (GCC 5.4.1),cpp,Accepted,269.0,15872.0,2418,
s318191663,p03735,u202619899,1493523007,C++,C++14 (GCC 5.4.1),cpp,Accepted,693.0,20608.0,1324,
s748980192,p03735,u781091740,1493522730,C++,C++14 (GCC 5.4.1),cpp,Accepted,624.0,24192.0,1116,
s594584027,p03735,u969112347,1493522416,C++,C++14 (Clang 3.8.0),cpp,Accepted,70.0,2668.0,5441,
s666669301,p03735,u114948223,1493521923,C++,C++14 (GCC 5.4.1),cpp,Accepted,46.0,4084.0,1887,
s238154421,p03735,u114948223,1493521764,C++,C++14 (GCC 5.4.1),cpp,Accepted,46.0,4084.0,1793,
s274274614,p03735,u361560644,1493521760,C++,C++14 (GCC 5.4.1),cpp,Accepted,36.0,4992.0,3284,
s011784697,p03735,u114948223,1493521691,C++,C++14 (GCC 5.4.1),cpp,Accepted,47.0,3956.0,1863,
s795909932,p03735,u243723098,1493521342,C++,C++14 (GCC 5.4.1),cpp,Accepted,484.0,49024.0,2242,
s534440493,p03735,u423166489,1493520818,C++,C++14 (GCC 5.4.1),cpp,Accepted,109.0,11632.0,1993,
s775253784,p03735,u642276427,1493520757,C++,C++14 (GCC 5.4.1),cpp,Accepted,578.0,24192.0,2735,
s160623291,p03735,u751105749,1493520725,C++,C++14 (GCC 5.4.1),cpp,Accepted,299.0,22892.0,897,
s952104844,p03735,u759266806,1493520658,C++,C++14 (GCC 5.4.1),cpp,Accepted,299.0,3456.0,2658,
s039016662,p03735,u637175065,1493520084,Python,PyPy3 (2.4.0),py,Accepted,1625.0,121176.0,1711,
s896001562,p03735,u756607506,1493520022,C++,C++14 (GCC 5.4.1),cpp,Accepted,265.0,19072.0,3201,
s536523747,p03735,u759266806,1493520007,C++,C++14 (GCC 5.4.1),cpp,Accepted,300.0,3456.0,3559,
s393020450,p03735,u263633696,1493519875,C++,C++14 (GCC 5.4.1),cpp,Accepted,44.0,1664.0,1360,
s345915604,p03735,u264312457,1493519823,C++,C++14 (GCC 5.4.1),cpp,Accepted,199.0,3956.0,3471,
s126420909,p03735,u933821389,1493519733,C++,C++14 (GCC 5.4.1),cpp,Accepted,208.0,38164.0,3845,
s113156428,p03735,u417702611,1493519499,C++,C++14 (GCC 5.4.1),cpp,Accepted,184.0,2544.0,2022,
s165748480,p03735,u087802005,1493519487,C++,C++14 (GCC 5.4.1),cpp,Accepted,507.0,21360.0,1118,
s862408819,p03735,u657011188,1493519429,C++,C++14 (GCC 5.4.1),cpp,Accepted,880.0,3328.0,2521,
s935167829,p03735,u063280006,1493519423,C++,C++14 (GCC 5.4.1),cpp,Accepted,1622.0,23424.0,2013,
s836976545,p03735,u032793834,1493519395,C++,C++14 (GCC 5.4.1),cpp,Accepted,93.0,13548.0,2483,
s634557276,p03735,u098930106,1493519392,C++,C++14 (GCC 5.4.1),cpp,Accepted,99.0,6896.0,1424,
s345808677,p03735,u114948223,1493519358,C++,C++14 (GCC 5.4.1),cpp,Accepted,50.0,4084.0,1917,
s809831171,p03735,u006493569,1493519312,C++,C++14 (GCC 5.4.1),cpp,Accepted,167.0,3328.0,1717,
s213905488,p03735,u685892567,1493519250,C++,C++14 (GCC 5.4.1),cpp,Accepted,254.0,12012.0,1347,
s641047298,p03735,u603167288,1493519248,C++,C++14 (GCC 5.4.1),cpp,Accepted,85.0,8064.0,1381,
s808666608,p03735,u464006849,1493519243,C++,C++14 (GCC 5.4.1),cpp,Accepted,86.0,4864.0,1558,
s151046531,p03735,u768642868,1493519130,C++,C++14 (GCC 5.4.1),cpp,Accepted,431.0,17768.0,1587,
s318468292,p03735,u617973057,1493518975,C++,C++14 (GCC 5.4.1),cpp,Accepted,784.0,48024.0,1187,
s843996455,p03735,u569072001,1493518911,C++,C++14 (GCC 5.4.1),cpp,Accepted,156.0,18416.0,4120,
s711673798,p03735,u159884263,1493518867,C++,C++14 (GCC 5.4.1),cpp,Accepted,205.0,11136.0,7247,
s990914948,p03735,u195201371,1493518769,C++,C++14 (GCC 5.4.1),cpp,Accepted,232.0,15344.0,1337,
s823131489,p03735,u696805736,1493518691,C++,C++14 (GCC 5.4.1),cpp,Accepted,627.0,28276.0,1234,
s459226373,p03735,u791622911,1493518674,C++,C++14 (GCC 5.4.1),cpp,Accepted,196.0,9572.0,2825,
s176990509,p03735,u826216111,1493518606,C++,C++14 (GCC 5.4.1),cpp,Accepted,76.0,3324.0,1329,
s403801139,p03735,u483814783,1493518600,C++,C++14 (GCC 5.4.1),cpp,Accepted,65.0,6548.0,1121,
s282701240,p03735,u917944707,1493518403,C++,C++14 (GCC 5.4.1),cpp,Accepted,691.0,29952.0,1349,
s640130566,p03735,u926591917,1493518283,C++,C++14 (GCC 5.4.1),cpp,Accepted,325.0,30696.0,2073,
s015760408,p03735,u014413712,1493518279,C++,C++14 (GCC 5.4.1),cpp,Accepted,631.0,30464.0,980,
s076530855,p03735,u852599784,1493518209,C++,C++14 (GCC 5.4.1),cpp,Accepted,606.0,55924.0,2615,
s688613380,p03735,u862129477,1493518177,C++,C++14 (GCC 5.4.1),cpp,Accepted,357.0,22128.0,1317,
s509866286,p03735,u854869949,1493518092,C++,C++14 (GCC 5.4.1),cpp,Accepted,836.0,23388.0,2504,
s809187549,p03735,u823398937,1493518061,C++,C++14 (GCC 5.4.1),cpp,Accepted,827.0,99144.0,2920,
s295257860,p03735,u960840277,1493517975,C++,C++14 (GCC 5.4.1),cpp,Accepted,180.0,19948.0,1676,
s753831726,p03735,u456465774,1493517974,C++,C++14 (GCC 5.4.1),cpp,Accepted,461.0,20608.0,3800,
s198205773,p03735,u917944707,1493517894,C++,C++14 (GCC 5.4.1),cpp,Accepted,728.0,29952.0,1448,
s246061471,p03735,u642276427,1493517818,C++,C++14 (GCC 5.4.1),cpp,Accepted,559.0,25216.0,3023,
s294700745,p03735,u063707555,1493517672,C++,C++14 (GCC 5.4.1),cpp,Accepted,144.0,15872.0,1904,
s782935522,p03735,u583422503,1493517667,C++,C++14 (GCC 5.4.1),cpp,Accepted,60.0,4992.0,1268,
s660135617,p03735,u269175074,1493517662,C++,C++14 (GCC 5.4.1),cpp,Accepted,172.0,3328.0,3155,
s827140304,p03735,u010004797,1493517608,C++,C++14 (GCC 5.4.1),cpp,Accepted,340.0,22912.0,2514,
s536695924,p03735,u741323508,1493517598,C++,C++14 (GCC 5.4.1),cpp,Accepted,234.0,4992.0,1350,
s087530804,p03735,u370866337,1493517523,C++,C++14 (GCC 5.4.1),cpp,Accepted,61.0,8064.0,1329,
s273770511,p03735,u601809648,1493517474,C++,C++14 (GCC 5.4.1),cpp,Accepted,159.0,6128.0,2145,
s714294808,p03735,u450163883,1493517455,C++,C++14 (GCC 5.4.1),cpp,Accepted,104.0,18304.0,2021,
s724406185,p03735,u967083551,1493517444,C++,C++14 (GCC 5.4.1),cpp,Accepted,132.0,16808.0,1697,
s477334572,p03735,u647940094,1493517432,C++,C++14 (GCC 5.4.1),cpp,Accepted,453.0,22144.0,854,
s724608811,p03735,u002023395,1493517421,C++,C++14 (GCC 5.4.1),cpp,Accepted,202.0,10496.0,1256,
s162160122,p03735,u424163068,1493517420,C++,C++14 (GCC 5.4.1),cpp,Accepted,321.0,30464.0,1098,
s344939538,p03735,u452725238,1493517349,C++,C++14 (GCC 5.4.1),cpp,Accepted,188.0,19200.0,1405,
s142052232,p03735,u592967528,1493517185,C++,C++14 (GCC 5.4.1),cpp,Accepted,119.0,14336.0,1083,
s828384222,p03735,u032223772,1493517089,C++,C++14 (GCC 5.4.1),cpp,Accepted,61.0,3456.0,1571,
s683255911,p03735,u440523078,1493517019,C++,C++14 (GCC 5.4.1),cpp,Accepted,229.0,16000.0,2837,
s999533036,p03735,u769914802,1493516946,C++,C++14 (GCC 5.4.1),cpp,Accepted,78.0,8064.0,2487,
s632385932,p03735,u279196402,1493516893,C++,C++14 (GCC 5.4.1),cpp,Accepted,606.0,65920.0,4810,
s647510280,p03735,u989042137,1493516873,C++,C++14 (GCC 5.4.1),cpp,Accepted,46.0,3956.0,1618,
s435754736,p03735,u488167351,1493516731,C++,C++14 (GCC 5.4.1),cpp,Accepted,83.0,6400.0,2009,
s738985793,p03735,u837745858,1493516533,C++,C++14 (GCC 5.4.1),cpp,Accepted,85.0,5760.0,1004,
s475495083,p03735,u387061829,1493516452,C++,C++14 (GCC 5.4.1),cpp,Accepted,65.0,5104.0,1350,
s739882914,p03735,u499893886,1493516410,C++,C++14 (GCC 5.4.1),cpp,Accepted,84.0,4224.0,3165,
s001186047,p03735,u252102891,1493516330,C++,C++14 (GCC 5.4.1),cpp,Accepted,459.0,17892.0,1908,
s988677973,p03735,u181736559,1493516307,C++,C++14 (GCC 5.4.1),cpp,Accepted,277.0,17772.0,1484,
s711662584,p03735,u504103417,1493516245,C++,C++14 (GCC 5.4.1),cpp,Accepted,130.0,18284.0,3021,
s273812779,p03735,u650337189,1493516199,C++,C++14 (GCC 5.4.1),cpp,Accepted,300.0,23148.0,1777,
s171013592,p03735,u025222195,1493516077,C++,C++14 (GCC 5.4.1),cpp,Accepted,396.0,13548.0,1199,
s531844857,p03735,u941128935,1493516003,C++,C++14 (GCC 5.4.1),cpp,Accepted,72.0,2420.0,1032,
s862848145,p03735,u680944827,1493515951,C++,C++14 (GCC 5.4.1),cpp,Accepted,240.0,13676.0,4617,
s274086721,p03735,u557275893,1493515927,C++,C++14 (GCC 5.4.1),cpp,Accepted,250.0,25052.0,2614,
s993049331,p03735,u955723966,1493515848,C++,C++14 (GCC 5.4.1),cpp,Accepted,133.0,10604.0,1877,
s159917776,p03735,u748871552,1493515563,C++,C++14 (GCC 5.4.1),cpp,Accepted,247.0,27112.0,2684,
s502859569,p03735,u089329978,1493515530,C++,C++14 (GCC 5.4.1),cpp,Accepted,82.0,7296.0,936,
s344495883,p03735,u061978627,1493515374,C++,C++14 (GCC 5.4.1),cpp,Accepted,89.0,8048.0,2346,
s624554144,p03735,u883692173,1493515268,C++,C++14 (GCC 5.4.1),cpp,Accepted,61.0,3328.0,1321,
s730286257,p03735,u457283867,1493515120,C++,C++14 (GCC 5.4.1),cpp,Accepted,380.0,11136.0,3012,
s306624657,p03735,u965174248,1493173321,C++,C++14 (GCC 5.4.1),cpp,Accepted,312.0,21100.0,1621,
